Re,Im,IPR
0.0,0.0,0.0005802707930367506
0.0,0.05,0.0005831710743119056
0.0,0.1,0.0005881757154893609
0.0,0.15,0.0005954199975069295
0.0,0.2,0.0006053515291680609
0.0,0.25,0.0006183997982122935
0.0,0.3,0.0006346744138804514
0.0,0.35,0.0006543929864176554
0.0,0.4,0.0006780182063700537
0.0,0.45,0.0007067030226727872
0.0,0.5,0.0007409134373982181
0.0,0.55,0.0007835562557163251
0.0,0.6,0.0008525047676972021
0.0,0.65,0.0009322964098987285
0.0,0.7,0.0010195270416074327
0.0,0.75,0.001121821037615331
0.0,0.8,0.0012558381545530425
0.0,0.85,0.0014382181792792288
0.0,0.9,0.0016953271033804587
0.0,0.95,0.0021980060858030133
0.0,1.0,0.01149303768902521
0.0,1.05,0.13839740852191726
0.0,1.1,0.20433675721360448
0.0,1.15,0.256655241211606
0.0,1.2,0.29971023229279825
0.0,1.25,0.33703542468607095
0.0,1.3,0.370040921749826
0.0,1.35,0.3998936482890576
0.0,1.4,0.4269290359704809
0.0,1.45,0.4514324284848078
0.0,1.5,0.473715248041117
0.0,1.55,0.49393190397401987
0.0,1.6,0.5125698730845364
0.0,1.65,0.5296722648741772
0.0,1.7,0.5454865216679785
0.0,1.75,0.5601553308614804
0.0,1.8,0.5737948014405572
0.0,1.85,0.5865004890281486
0.0,1.9,0.5983480321754049
0.0,1.95,0.6094469280901379
0.0,2.0,0.6199612032467213
0.0,2.05,0.6299249658251096
0.0,2.1,0.6393771994478017
0.0,2.15,0.648330728612167
0.0,2.2,0.6569038357426225
0.0,2.25,0.6650421112710488
0.0,2.3,0.672818409688351
0.0,2.35,0.6802483683685243
0.0,2.4,0.6873375676783279
0.0,2.45,0.6941096300415214
0.0,2.5,0.7005966886041055
0.05,0.0,0.0006063189850770245
0.05,0.05,0.0006047783451406933
0.05,0.1,0.0006056102012890406
0.05,0.15,0.0006100665262843458
0.05,0.2,0.0006182578584460431
0.05,0.25,0.0006301433403631123
0.05,0.3,0.0006458976521756497
0.05,0.35,0.000665693653548251
0.05,0.4,0.0006901308052475907
0.05,0.45,0.0007202211199781758
0.05,0.5,0.0007574088699961254
0.05,0.55,0.0008056066633176567
0.05,0.6,0.0008710568169722631
0.05,0.65,0.0009479355173523491
0.05,0.7,0.0010341829960088334
0.05,0.75,0.0011351656365590382
0.05,0.8,0.0012658226133593403
0.05,0.85,0.001450744055465416
0.05,0.9,0.001722658211020864
0.05,0.95,0.0022803570261748403
0.05,1.0,0.021444659657365247
0.05,1.05,0.14321748397289188
0.05,1.1,0.20866165154235347
0.05,1.15,0.26013892366250213
0.05,1.2,0.3026696319535622
0.05,1.25,0.33951364056238426
0.05,1.3,0.3722695364832161
0.05,1.35,0.401957352565033
0.05,1.4,0.42878983295417755
0.05,1.45,0.4531177381292909
0.05,1.5,0.4751959599242407
0.05,1.55,0.4953176845618466
0.05,1.6,0.5137833453165379
0.05,1.65,0.5307739300753243
0.05,1.7,0.5464759294615333
0.05,1.75,0.5610426823020812
0.05,1.8,0.5745881333943
0.05,1.85,0.5872195253226372
0.05,1.9,0.599029281129586
0.05,1.95,0.6101164059531895
0.05,2.0,0.6205863846265569
0.05,2.05,0.6305052354210682
0.05,2.1,0.6399135199451031
0.05,2.15,0.6488512147209075
0.05,2.2,0.6573680748103193
0.05,2.25,0.6654811654860803
0.05,2.3,0.6732269806671395
0.05,2.35,0.6806255894507146
0.05,2.4,0.6876901828940943
0.05,2.45,0.6944479899872648
0.05,2.5,0.7009257780371346
0.1,0.0,0.0006351774300762227
0.1,0.05,0.0006335058052859353
0.1,0.1,0.0006315808345072372
0.1,0.15,0.0006349123152453198
0.1,0.2,0.0006424372847639435
0.1,0.25,0.0006539999807852051
0.1,0.3,0.0006702340166311121
0.1,0.35,0.000691267487238547
0.1,0.4,0.0007178918414954288
0.1,0.45,0.0007511248686618159
0.1,0.5,0.0007925657293063801
0.1,0.55,0.0008447254511419378
0.1,0.6,0.0009089650936268249
0.1,0.65,0.0009834110728409744
0.1,0.7,0.0010682158254039797
0.1,0.75,0.0011677966074154164
0.1,0.8,0.0012949456762941592
0.1,0.85,0.001473843218088065
0.1,0.9,0.0017528191465163217
0.1,0.95,0.0024274455472777148
0.1,1.0,0.04284254339998654
0.1,1.05,0.1532199046916347
0.1,1.1,0.21640506982836072
0.1,1.15,0.26590600971127487
0.1,1.2,0.3075148988836662
0.1,1.25,0.3438557958809736
0.1,1.3,0.3764821808688935
0.1,1.35,0.40592553311190493
0.1,1.4,0.43243910889653986
0.1,1.45,0.4564249940559208
0.1,1.5,0.47820796685087735
0.1,1.55,0.49808227652398684
0.1,1.6,0.5163041894759599
0.1,1.65,0.5330762967425253
0.1,1.7,0.5485781028977658
0.1,1.75,0.5629619700845409
0.1,1.8,0.5763498951061604
0.1,1.85,0.5888497287751706
0.1,1.9,0.600559544795341
0.1,1.95,0.6115704559801434
0.1,2.0,0.6219623504847313
0.1,2.05,0.631797818565644
0.1,2.1,0.6411260784094828
0.1,2.15,0.6499909709089722
0.1,2.2,0.6584315155452849
0.1,2.25,0.6664780488594294
0.1,2.3,0.6741589793803675
0.1,2.35,0.6814972278828773
0.1,2.4,0.6885131502703192
0.1,2.45,0.6952301149613164
0.1,2.5,0.701672451119124
0.15,0.0,0.0006662054343128782
0.15,0.05,0.0006647961376728823
0.15,0.1,0.0006619597430970262
0.15,0.15,0.0006620932503163972
0.15,0.2,0.0006694054742466126
0.15,0.25,0.0006817023559975317
0.15,0.3,0.0006990444230961705
0.15,0.35,0.0007220365130920407
0.15,0.4,0.0007517447068862545
0.15,0.45,0.0007889563884751087
0.15,0.5,0.0008346954552251481
0.15,0.55,0.0008901970208416259
0.15,0.6,0.0009562689737696437
0.15,0.65,0.0010327667975386923
0.15,0.7,0.0011207972570347648
0.15,0.75,0.0012245734359427976
0.15,0.8,0.001353083883735581
0.15,0.85,0.0015245439657984657
0.15,0.9,0.0017895648507605096
0.15,0.95,0.0024095580964748854
0.15,1.0,0.06147918828040505
0.15,1.05,0.1597965657315946
0.15,1.1,0.22308043249832502
0.15,1.15,0.27230698780365575
0.15,1.2,0.31346483791729013
0.15,1.25,0.34961372292327925
0.15,1.3,0.38188979699003267
0.15,1.35,0.41090650356758646
0.15,1.4,0.43701006881960475
0.15,1.45,0.46061631608661724
0.15,1.5,0.4820652634273536
0.15,1.55,0.5016422815692642
0.15,1.6,0.5195884448560392
0.15,1.65,0.5361033110178333
0.15,1.7,0.5513675520822855
0.15,1.75,0.5655413348218399
0.15,1.8,0.5787416481548829
0.15,1.85,0.5910769249860683
0.15,1.9,0.6026479296988096
0.15,1.95,0.6135458113978045
0.15,2.0,0.6238325274171613
0.15,2.05,0.6335624513674945
0.15,2.1,0.6427879590024849
0.15,2.15,0.6515544898150435
0.15,2.2,0.6599006292358239
0.15,2.25,0.6678588151539266
0.15,2.3,0.6754570955295596
0.15,2.35,0.6827197596925014
0.15,2.4,0.6896689704927282
0.15,2.45,0.6963265356990321
0.15,2.5,0.7027134145462178
0.2,0.0,0.0006999735347106501
0.2,0.05,0.0006986605057608495
0.2,0.1,0.0006957482509291838
0.2,0.15,0.0006941369540975304
0.2,0.2,0.0006978658410102701
0.2,0.25,0.0007103659849205016
0.2,0.3,0.0007290569199704689
0.2,0.35,0.0007541049756264578
0.2,0.4,0.0007864807273842201
0.2,0.45,0.0008271003234702527
0.2,0.5,0.0008765590722445781
0.2,0.55,0.0009357373897326116
0.2,0.6,0.001005540615362156
0.2,0.65,0.001087116025232433
0.2,0.7,0.0011827965722260977
0.2,0.75,0.0012962035487906086
0.2,0.8,0.0014363228081254395
0.2,0.85,0.0016245187234156197
0.2,0.9,0.0019321581834344172
0.2,0.95,0.002811749036862525
0.2,1.0,0.08799066065949916
0.2,1.05,0.17358915882592496
0.2,1.1,0.23307896822505733
0.2,1.15,0.280898820734179
0.2,1.2,0.321423425452817
0.2,1.25,0.3568606457108531
0.2,1.3,0.38836761158268196
0.2,1.35,0.4167683895552631
0.2,1.4,0.4423445030809812
0.2,1.45,0.46550175355166246
0.2,1.5,0.48656147474393185
0.2,1.55,0.5058039128449918
0.2,1.6,0.5234416907182808
0.2,1.65,0.5396748778604318
0.2,1.7,0.5546652475100945
0.2,1.75,0.5686151354499145
0.2,1.8,0.5816074200007668
0.2,1.85,0.5937564946672065
0.2,1.9,0.6051547499143486
0.2,1.95,0.6159217235391322
0.2,2.0,0.6260827055308121
0.2,2.05,0.6356880617609397
0.2,2.1,0.644793558435892
0.2,2.15,0.6534455577477938
0.2,2.2,0.6616830280789016
0.2,2.25,0.6695390794434521
0.2,2.3,0.6770422221517236
0.2,2.35,0.6842173670268445
0.2,2.4,0.6910868883526359
0.2,2.45,0.6976714213968599
0.2,2.5,0.7039898108094199
0.25,0.0,0.0007365650453648404
0.25,0.05,0.0007353229804401603
0.25,0.1,0.0007321316609421497
0.25,0.15,0.0007297078373057068
0.25,0.2,0.0007314889789607739
0.25,0.25,0.0007402037434996023
0.25,0.3,0.0007594678608338958
0.25,0.35,0.0007862507952756644
0.25,0.4,0.0008208504509904894
0.25,0.45,0.0008636337968406733
0.25,0.5,0.0009155543785583373
0.25,0.55,0.0009775771802956212
0.25,0.6,0.0010509118826960025
0.25,0.65,0.001138741364684506
0.25,0.7,0.0012451559864175832
0.25,0.75,0.001376911336315202
0.25,0.8,0.001543879412901336
0.25,0.85,0.0017669628325993596
0.25,0.9,0.0021303928014479003
0.25,0.95,0.0034557111090332895
0.25,1.0,0.1111718431581608
0.25,1.05,0.1894425452817354
0.25,1.1,0.24612975035064646
0.25,1.15,0.29231977098283607
0.25,1.2,0.3316011661386272
0.25,1.25,0.3659215762283805
0.25,1.3,0.3964257312352068
0.25,1.35,0.4238572233299835
0.25,1.4,0.4486484193859978
0.25,1.45,0.47114734200109376
0.25,1.5,0.4916804725420338
0.25,1.55,0.5105317685084486
0.25,1.6,0.5278242808956616
0.25,1.65,0.5437219380139511
0.25,1.7,0.5584194203418413
0.25,1.75,0.5720900419100776
0.25,1.8,0.5848535050003583
0.25,1.85,0.5968090550833282
0.25,1.9,0.6080411343606124
0.25,1.95,0.6186373920104294
0.25,2.0,0.6286434490535584
0.25,2.05,0.6381062504763654
0.25,2.1,0.6470775919338191
0.25,2.15,0.6556026989790131
0.25,2.2,0.6637203464959852
0.25,2.25,0.671463886034703
0.25,2.3,0.6788621443633389
0.25,2.35,0.685940221796542
0.25,2.4,0.6927202260447978
0.25,2.45,0.699221828471554
0.25,2.5,0.7054625236498213
0.3,0.0,0.0007761428790609509
0.3,0.05,0.0007748896950503274
0.3,0.1,0.0007716381371968167
0.3,0.15,0.0007682212369575844
0.3,0.2,0.0007686246661613685
0.3,0.25,0.0007752477362704284
0.3,0.3,0.0007908449462788038
0.3,0.35,0.0008187236063994168
0.3,0.4,0.0008550312209557771
0.3,0.45,0.0008995359191648731
0.3,0.5,0.0009527795293910368
0.3,0.55,0.0010163518210672912
0.3,0.6,0.0010913073440328635
0.3,0.65,0.0011823486622253303
0.3,0.7,0.0012970687365591008
0.3,0.75,0.0014479465940553144
0.3,0.8,0.0016614889455049688
0.3,0.85,0.0019764411103454383
0.3,0.9,0.002477385401704298
0.3,0.95,0.006274609199494299
0.3,1.0,0.13943374595904495
0.3,1.05,0.20958046933844204
0.3,1.1,0.2625122601579561
0.3,1.15,0.30611767651152694
0.3,1.2,0.3436952455715018
0.3,1.25,0.3766445822708374
0.3,1.3,0.40591365669239843
0.3,1.35,0.4322035401270194
0.3,1.4,0.4560519289130035
0.3,1.45,0.4777538039432105
0.3,1.5,0.4975869435773681
0.3,1.55,0.5158234920954557
0.3,1.6,0.5326611348035042
0.3,1.65,0.5481721669911728
0.3,1.7,0.5625289772688048
0.3,1.75,0.5758942368641577
0.3,1.8,0.5884110523815356
0.3,1.85,0.600166887745752
0.3,1.9,0.6112156383082187
0.3,1.95,0.6216280718606013
0.3,2.0,0.6314624015017261
0.3,2.05,0.6407687602931452
0.3,2.1,0.6495944989376934
0.3,2.15,0.657982611681709
0.3,2.2,0.6659712322851385
0.3,2.25,0.6735937224873767
0.3,2.3,0.6808790489645783
0.3,2.35,0.6878522934054069
0.3,2.4,0.6945351574021057
0.3,2.45,0.7009464527152859
0.3,2.5,0.7071026086876209
0.35,0.0,0.0008190758832574858
0.35,0.05,0.0008176443510670994
0.35,0.1,0.0008138947699862125
0.35,0.15,0.0008097555116067718
0.35,0.2,0.0008087055253422663
0.35,0.25,0.0008144249290854466
0.35,0.3,0.0008273653383804021
0.35,0.35,0.0008519623082504247
0.35,0.4,0.0008896290832999522
0.35,0.45,0.0009361785849651393
0.35,0.5,0.0009910036636470506
0.35,0.55,0.001055479960918934
0.35,0.6,0.0011308275129423228
0.35,0.65,0.0012217570496607746
0.35,0.7,0.00133624909362271
0.35,0.75,0.0014944136340806202
0.35,0.8,0.0017414112409279813
0.35,0.85,0.00216772008224702
0.35,0.9,0.003185715030520147
0.35,0.95,0.07462097575472713
0.35,1.0,0.17123246781792836
0.35,1.05,0.23285939034324324
0.35,1.1,0.281370865862507
0.35,1.15,0.3218761438275248
0.35,1.2,0.3571743869465606
0.35,1.25,0.3882365052142148
0.35,1.3,0.41608098987564646
0.35,1.35,0.4412191523376223
0.35,1.4,0.46410984702694147
0.35,1.45,0.4850537408964573
0.35,1.5,0.5041828179644716
0.35,1.55,0.521792596309866
0.35,1.6,0.5380337489901017
0.35,1.65,0.5530427629826143
0.35,1.7,0.5669832741908003
0.35,1.75,0.5800022662651841
0.35,1.8,0.5922435610106588
0.35,1.85,0.6037857058288864
0.35,1.9,0.6146272935375513
0.35,1.95,0.624844870139936
0.35,2.0,0.6344987948695556
0.35,2.05,0.6436392828380031
0.35,2.1,0.652310357029217
0.35,2.15,0.6605528807456376
0.35,2.2,0.6684044770351214
0.35,2.25,0.675898498025523
0.35,2.3,0.6830639702417868
0.35,2.35,0.6899259130898332
0.35,2.4,0.6965056115366778
0.35,2.45,0.7028210009301658
0.35,2.5,0.7088874154851919
0.4,0.0,0.0008660890193398095
0.4,0.05,0.0008642915639174607
0.4,0.1,0.0008595061898405541
0.4,0.15,0.0008543581119169482
0.4,0.2,0.0008526000287955446
0.4,0.25,0.0008565357906808816
0.4,0.3,0.0008691360235572433
0.4,0.35,0.0008904723141881073
0.4,0.4,0.0009266812383420122
0.4,0.45,0.0009757190428473386
0.4,0.5,0.0010334591871174312
0.4,0.55,0.0010998498362350885
0.4,0.6,0.001177332642834303
0.4,0.65,0.001269150828492821
0.4,0.7,0.0013848883180424252
0.4,0.75,0.0015394949500998464
0.4,0.8,0.0017855627338717061
0.4,0.85,0.0022495768923344356
0.4,0.9,0.0037153787417129676
0.4,0.95,0.12086055356220445
0.4,1.0,0.2005377449603472
0.4,1.05,0.25545688838047786
0.4,1.1,0.2998464436529592
0.4,1.15,0.3376943400489973
0.4,1.2,0.37083238647095407
0.4,1.25,0.4002737384997253
0.4,1.3,0.4267331138359554
0.4,1.35,0.45070456439934325
0.4,1.4,0.47260596863044463
0.4,1.45,0.49263489969069496
0.4,1.5,0.5110398290112629
0.4,1.55,0.5280667653288779
0.4,1.6,0.5437656780123367
0.4,1.65,0.5583147360031937
0.4,1.7,0.5718460083797925
0.4,1.75,0.5844995574717394
0.4,1.8,0.5964059855351141
0.4,1.85,0.6076493857498941
0.4,1.9,0.6182532533343312
0.4,1.95,0.6282602644342007
0.4,2.0,0.6377231980008247
0.4,2.05,0.6466906305900036
0.4,2.1,0.6551992327193732
0.4,2.15,0.6632882681307888
0.4,2.2,0.6709955489368009
0.4,2.25,0.678354397858528
0.4,2.3,0.6853938146004163
0.4,2.35,0.6921388697673774
0.4,2.4,0.698610580373581
0.4,2.45,0.704825864734397
0.4,2.5,0.7107986210199067
0.45,0.0,0.0009182006962114924
0.45,0.05,0.0009159289506491146
0.45,0.1,0.0009098518255278851
0.45,0.15,0.0009029721273343193
0.45,0.2,0.0009000226046471715
0.45,0.25,0.000902788595114038
0.45,0.3,0.0009138797286763626
0.45,0.35,0.0009354077156693652
0.45,0.4,0.0009690849792275307
0.45,0.45,0.0010203677093992215
0.45,0.5,0.0010835564475174218
0.45,0.55,0.0011556620291027504
0.45,0.6,0.0012375862647251077
0.45,0.65,0.0013363195843177883
0.45,0.7,0.0014632671049059284
0.45,0.75,0.0016418368018174172
0.45,0.8,0.001937756406833068
0.45,0.85,0.0025714152727364117
0.45,0.9,0.04674802285979838
0.45,0.95,0.15441591114095307
0.45,1.0,0.22254714819268592
0.45,1.05,0.27461857849871074
0.45,1.1,0.31661781983462706
0.45,1.15,0.35250141732614537
0.45,1.2,0.3839653429586477
0.45,1.25,0.41204844086561704
0.45,1.3,0.43732955076907004
0.45,1.35,0.4602845778821848
0.45,1.4,0.4812503334194757
0.45,1.45,0.5004675928874058
0.45,1.5,0.5181752688853034
0.45,1.55,0.5345587475156378
0.45,1.6,0.5497151690820996
0.45,1.65,0.5638228186086702
0.45,1.7,0.5769625149718771
0.45,1.75,0.5892662440162457
0.45,1.8,0.6008480567784078
0.45,1.85,0.6117799247114788
0.45,1.9,0.622098634218849
0.45,1.95,0.6318661444376416
0.45,2.0,0.6411148568274244
0.45,2.05,0.6499042640808502
0.45,2.1,0.6582409421218649
0.45,2.15,0.6661683912701422
0.45,2.2,0.6737245920782374
0.45,2.25,0.680942158276277
0.45,2.3,0.6878497157884799
0.45,2.35,0.6944727158554846
0.45,2.4,0.7008325595832321
0.45,2.45,0.7069448654898942
0.45,2.5,0.7128211647955649
0.5,0.0,0.0009767392996778404
0.5,0.05,0.0009737837004352879
0.5,0.1,0.0009658833953975593
0.5,0.15,0.0009562213186050941
0.5,0.2,0.0009510391115986757
0.5,0.25,0.0009538345968067242
0.5,0.3,0.000963314052854807
0.5,0.35,0.0009845330228674723
0.5,0.4,0.0010197369402072736
0.5,0.45,0.001071637702884456
0.5,0.5,0.0011433922672679946
0.5,0.55,0.001226581030534431
0.5,0.6,0.0013196348545810057
0.5,0.65,0.0014324945863668948
0.5,0.7,0.0015841452701094091
0.5,0.75,0.0018116022399988984
0.5,0.8,0.002260683693026191
0.5,0.85,0.0037991211862295152
0.5,0.9,0.11106954614735985
0.5,0.95,0.1875028556008556
0.5,1.0,0.24485744068048493
0.5,1.05,0.2923451117765057
0.5,1.1,0.3322759564174126
0.5,1.15,0.36663308962007307
0.5,1.2,0.39672135088002286
0.5,1.25,0.42356117597768494
0.5,1.3,0.44777526307566307
0.5,1.35,0.4697859588485152
0.5,1.4,0.4899056474708111
0.5,1.45,0.5083841681607417
0.5,1.5,0.5254321067330138
0.5,1.55,0.5412113353368383
0.5,1.6,0.5558577004673478
0.5,1.65,0.5694994973759622
0.5,1.7,0.5822421945228808
0.5,1.75,0.5941879064184573
0.5,1.8,0.6054441479315492
0.5,1.85,0.616095523265842
0.5,1.9,0.6261497712253961
0.5,1.95,0.6356628338711083
0.5,2.0,0.6446877743148183
0.5,2.05,0.6532666968605807
0.5,2.1,0.6614177421592562
0.5,2.15,0.6691757827034741
0.5,2.2,0.6765751819849951
0.5,2.25,0.683646295178204
0.5,2.3,0.6904164520156255
0.5,2.35,0.6969118226017019
0.5,2.4,0.7031566373792527
0.5,2.45,0.7091647780673473
0.5,2.5,0.7149427589453055
0.55,0.0,0.0010436494844864848
0.55,0.05,0.0010397640742481696
0.55,0.1,0.0010293361694953497
0.55,0.15,0.001016320748366659
0.55,0.2,0.0010080692204130657
0.55,0.25,0.0010100632840041187
0.55,0.3,0.0010197219003209841
0.55,0.35,0.0010404065971286903
0.55,0.4,0.0010773931809251267
0.55,0.45,0.001135130235057582
0.55,0.5,0.0012154133341316176
0.55,0.55,0.0013178189828430668
0.55,0.6,0.001431018149465995
0.55,0.65,0.001565708363921487
0.55,0.7,0.0017599386442232919
0.55,0.75,0.0020933206539368336
0.55,0.8,0.0028432313962219375
0.55,0.85,0.06774539769289768
0.55,0.9,0.15974951124234463
0.55,0.95,0.22015611718851824
0.55,1.0,0.2691890648306429
0.55,1.05,0.311095580771782
0.55,1.1,0.3478699215046857
0.55,1.15,0.38045718023114133
0.55,1.2,0.409214965107658
0.55,1.25,0.43490228338767223
0.55,1.3,0.4581159944267835
0.55,1.35,0.4792333063925071
0.55,1.4,0.49855346045576954
0.55,1.45,0.5163230019117542
0.55,1.5,0.5327370166254534
0.55,1.55,0.5479505805515581
0.55,1.6,0.5620970612298057
0.55,1.65,0.5752949318972378
0.55,1.7,0.5876481024308461
0.55,1.75,0.5992503853368369
0.55,1.8,0.6101934405508835
0.55,1.85,0.6205415053012883
0.55,1.9,0.6303255214581747
0.55,1.95,0.6395929203500695
0.55,2.0,0.648389713253931
0.55,2.05,0.6567526414532693
0.55,2.1,0.664710850025836
0.55,2.15,0.6722945205073092
0.55,2.2,0.6795334924706732
0.55,2.25,0.6864549676717386
0.55,2.3,0.693083493226828
0.55,2.35,0.6994437041749736
0.55,2.4,0.7055704687391331
0.55,2.45,0.7114760871494042
0.55,2.5,0.7171537521976065
0.6,0.0,0.0011215054134097859
0.6,0.05,0.0011163976464297974
0.6,0.1,0.0011023348818143888
0.6,0.15,0.001085546712191816
0.6,0.2,0.0010735229219145303
0.6,0.25,0.0010737182901428464
0.6,0.3,0.0010850164978624117
0.6,0.35,0.0011061349929460795
0.6,0.4,0.0011455032078085635
0.6,0.45,0.001212282156894558
0.6,0.5,0.0013064357798601143
0.6,0.55,0.0014358178976604254
0.6,0.6,0.0015878721063719574
0.6,0.65,0.001762458774374261
0.6,0.7,0.00203629743161809
0.6,0.75,0.0026460516711552034
0.6,0.8,0.014214271214274357
0.6,0.85,0.132510420338299
0.6,0.9,0.1980722385764784
0.6,0.95,0.24998172955675965
0.6,1.0,0.2934252656084179
0.6,1.05,0.3313252057009483
0.6,1.1,0.36476444308124845
0.6,1.15,0.3947462590763429
0.6,1.2,0.4217600340072413
0.6,1.25,0.44621285869703636
0.6,1.3,0.468428890135332
0.6,1.35,0.4886676077522737
0.6,1.4,0.5072047799184132
0.6,1.45,0.5242839638697326
0.6,1.5,0.5400848097419749
0.6,1.55,0.5547520955207684
0.6,1.6,0.5684125728367005
0.6,1.65,0.5811786411158821
0.6,1.7,0.5931491422747964
0.6,1.75,0.604410549088042
0.6,1.8,0.6150368781756882
0.6,1.85,0.6250843393993548
0.6,1.9,0.6345967580921574
0.6,1.95,0.643616981707246
0.6,2.0,0.6521853484863386
0.6,2.05,0.6603368582547042
0.6,2.1,0.6681021556041327
0.6,2.15,0.6755099569038243
0.6,2.2,0.6825873262208086
0.6,2.25,0.6893589781029235
0.6,2.3,0.6958470236467234
0.6,2.35,0.7020714133368183
0.6,2.4,0.7080761759872694
0.6,2.45,0.713874891338298
0.6,2.5,0.719446389575557
0.65,0.0,0.001213806706608473
0.65,0.05,0.0012068717362653143
0.65,0.1,0.0011887345857730398
0.65,0.15,0.0011670290197445183
0.65,0.2,0.0011518401297223684
0.65,0.25,0.0011501319649660717
0.65,0.3,0.0011640151641488
0.65,0.35,0.0011887754397482749
0.65,0.4,0.001233846613294482
0.65,0.45,0.0013095097922202093
0.65,0.5,0.001422307091702318
0.65,0.55,0.0015888116338639542
0.65,0.6,0.001819501645800327
0.65,0.65,0.0020940908220831453
0.65,0.7,0.002559461825449316
0.65,0.75,0.00491124309736425
0.65,0.8,0.11631341572574577
0.65,0.85,0.18476923151813338
0.65,0.9,0.23511437902949303
0.65,0.95,0.27832737773657096
0.65,1.0,0.3167623901477639
0.65,1.05,0.3512406027454136
0.65,1.1,0.38205914458571594
0.65,1.15,0.40987814264491135
0.65,1.2,0.4350124366750657
0.65,1.25,0.4579233360170258
0.65,1.3,0.47890650989940753
0.65,1.35,0.49817171861906484
0.65,1.4,0.5158944997697278
0.65,1.45,0.5322854628037577
0.65,1.5,0.5474813731391958
0.65,1.55,0.5616115951642764
0.65,1.6,0.5747933345713765
0.65,1.65,0.5871321421231375
0.65,1.7,0.5987209334368322
0.65,1.75,0.6096376405826394
0.65,1.8,0.619946706455993
0.65,1.85,0.6297006902330268
0.65,1.9,0.6389443218013184
0.65,1.95,0.6477183811198376
0.65,2.0,0.6560601346652893
0.65,2.05,0.6640028999410256
0.65,2.1,0.6715766111412573
0.65,2.15,0.6788087525251045
0.65,2.2,0.6857247238310182
0.65,2.25,0.6923478822722374
0.65,2.3,0.6987000338735713
0.65,2.35,0.7048037283812714
0.65,2.4,0.7106850974732292
0.65,2.45,0.7163547891710041
0.65,2.5,0.72181213767846
0.7,0.0,0.0013254473440731521
0.7,0.05,0.0013156531485704144
0.7,0.1,0.001291218192296454
0.7,0.15,0.0012647946443476703
0.7,0.2,0.001248238997129241
0.7,0.25,0.0012487966385360426
0.7,0.3,0.0012673772397245565
0.7,0.35,0.0013004983253990866
0.7,0.4,0.0013537298777788831
0.7,0.45,0.0014479982402413993
0.7,0.5,0.0015785958831122866
0.7,0.55,0.0017820188953742062
0.7,0.6,0.0021411945058441586
0.7,0.65,0.0028040257738174406
0.7,0.7,0.004436308202324293
0.7,0.75,0.10634770951400332
0.7,0.8,0.17462838382278761
0.7,0.85,0.22672454751627724
0.7,0.9,0.2694831139999084
0.7,0.95,0.306379980564933
0.7,1.0,0.34001938824783384
0.7,1.05,0.37100379070176054
0.7,1.1,0.3992438691056149
0.7,1.15,0.4249641646552219
0.7,1.2,0.44851251404281905
0.7,1.25,0.4700474446019783
0.7,1.3,0.4898037084256986
0.7,1.35,0.5079603051399562
0.7,1.4,0.5247577909990434
0.7,1.45,0.5403907879518627
0.7,1.5,0.5549547747622445
0.7,1.55,0.5685400192528324
0.7,1.6,0.5812389090535577
0.7,1.65,0.5931468397724248
0.7,1.7,0.6043517714505757
0.7,1.75,0.614921971528872
0.7,1.8,0.6249147616989283
0.7,1.85,0.6343785824303216
0.7,1.9,0.6433560212137498
0.7,1.95,0.6518857319071799
0.7,2.0,0.6600027296034209
0.7,2.05,0.6677385638102424
0.7,2.1,0.6751218368257796
0.7,2.15,0.6821787543020529
0.7,2.2,0.6889334325558495
0.7,2.25,0.6954081252073643
0.7,2.3,0.7016236870563027
0.7,2.35,0.7076001049019135
0.7,2.4,0.7133550161144561
0.7,2.45,0.7188995328976144
0.7,2.5,0.7242405567678334
0.75,0.0,0.0014643748365222083
0.75,0.05,0.0014494662591796785
0.75,0.1,0.0014153475358359496
0.75,0.15,0.0013844252960357123
0.75,0.2,0.0013690728910181527
0.75,0.25,0.001376935615292694
0.75,0.3,0.0014090238484213537
0.75,0.35,0.001465075675053524
0.75,0.4,0.0015372754633417307
0.75,0.45,0.0016509373033959777
0.75,0.5,0.0018152031810125889
0.75,0.55,0.0020909338311922016
0.75,0.6,0.002650766604419033
0.75,0.65,0.004969402481517367
0.75,0.7,0.11488971353361892
0.75,0.75,0.17457635593469398
0.75,0.8,0.2229802723434205
0.75,0.85,0.264740480585638
0.75,0.9,0.30131642411528287
0.75,0.95,0.333845992048656
0.75,1.0,0.36333208894055913
0.75,1.05,0.3907854762831406
0.75,1.1,0.41634225709074774
0.75,1.15,0.4400321158761741
0.75,1.2,0.46194889656402427
0.75,1.25,0.4821020056127464
0.75,1.3,0.5007158730114436
0.75,1.35,0.5179346609530836
0.75,1.4,0.5339066204173782
0.75,1.45,0.5487670252339225
0.75,1.5,0.5626191372722935
0.75,1.55,0.5755915869661502
0.75,1.6,0.5877664346014473
0.75,1.65,0.5992278272923743
0.75,1.7,0.6100419354232413
0.75,1.75,0.6202614866565948
0.75,1.8,0.6299373113691503
0.75,1.85,0.6391117967028738
0.75,1.9,0.6478240812280175
0.75,1.95,0.6561105984640085
0.75,2.0,0.664004087783089
0.75,2.05,0.6715340669240649
0.75,2.1,0.6787274779618621
0.75,2.15,0.6856091605393368
0.75,2.2,0.6922019702749772
0.75,2.25,0.6985268183261764
0.75,2.3,0.7046028355400079
0.75,2.35,0.7104472947260977
0.75,2.4,0.7160748187565814
0.75,2.45,0.7214966712893397
0.75,2.5,0.726721932976548
0.8,0.0,0.001642717003569154
0.8,0.05,0.0016192618601230822
0.8,0.1,0.001568621984972192
0.8,0.15,0.001534115542316144
0.8,0.2,0.001529055832361596
0.8,0.25,0.0015497381134039663
0.8,0.3,0.00160549097904735
0.8,0.35,0.0017049566172652022
0.8,0.4,0.001856149034348325
0.8,0.45,0.0019994423431841575
0.8,0.5,0.0022747737793076105
0.8,0.55,0.0028429049793775776
0.8,0.6,0.014047366066301687
0.8,0.65,0.11740634830540424
0.8,0.7,0.18121925946397388
0.8,0.75,0.22705250535953675
0.8,0.8,0.26542612390311277
0.8,0.85,0.30002187840388567
0.8,0.9,0.33111814062299305
0.8,0.95,0.35973751261425
0.8,1.0,0.38609509652964547
0.8,1.05,0.4105262925882762
0.8,1.1,0.4333509945464741
0.8,1.15,0.45503401429253815
0.8,1.2,0.475251310972153
0.8,1.25,0.4941022295124086
0.8,1.3,0.511591132842432
0.8,1.35,0.5279137917567814
0.8,1.4,0.5430838195161347
0.8,1.45,0.557215053834895
0.8,1.5,0.5704232793932154
0.8,1.55,0.582810042889554
0.8,1.6,0.5944550195518066
0.8,1.65,0.6054339287881253
0.8,1.7,0.615817391205348
0.8,1.75,0.6256670720173927
0.8,1.8,0.635018638915623
0.8,1.85,0.6438999613801796
0.8,1.9,0.6523449095668382
0.8,1.95,0.6603876208049353
0.8,2.0,0.6680576440369528
0.8,2.05,0.6753818819069581
0.8,2.1,0.6823851609039446
0.8,2.15,0.6890909040560488
0.8,2.2,0.695520732472002
0.8,2.25,0.7016940456303494
0.8,2.3,0.7076281984262318
0.8,2.35,0.7133385360217607
0.8,2.4,0.7188382420865046
0.8,2.45,0.7241383748995069
0.8,2.5,0.72924854070508
0.85,0.0,0.0018870518545276572
0.85,0.05,0.001843080832240235
0.85,0.1,0.001771774924023202
0.85,0.15,0.0017408297084498168
0.85,0.2,0.0017567844575530444
0.85,0.25,0.0018151768883836658
0.85,0.3,0.0018999495004871749
0.85,0.35,0.0020555062731777212
0.85,0.4,0.0023997120150076163
0.85,0.45,0.00281170472658057
0.85,0.5,0.003835736141109336
0.85,0.55,0.070379287347747
0.85,0.6,0.13342078113886513
0.85,0.65,0.18549988969121498
0.85,0.7,0.23070223116624602
0.85,0.75,0.2696107235231074
0.85,0.8,0.3023074427563798
0.85,0.85,0.33174580141645654
0.85,0.9,0.3589715362749202
0.85,0.95,0.38411856666376903
0.85,1.0,0.40761560003463027
0.85,1.05,0.429723967136957
0.85,1.1,0.4504071171954263
0.85,1.15,0.46997255078172046
0.85,1.2,0.48853766990565567
0.85,1.25,0.5060250618673947
0.85,1.3,0.5224643172052628
0.85,1.35,0.5378728707113059
0.85,1.4,0.552223016436539
0.85,1.45,0.5656406142161136
0.85,1.5,0.5782198967087996
0.85,1.55,0.5900614736895634
0.85,1.6,0.6012255577759168
0.85,1.65,0.611761625469968
0.85,1.7,0.6217326612996111
0.85,1.75,0.631194375045945
0.85,1.8,0.6401920375055361
0.85,1.85,0.6487540029024762
0.85,1.9,0.6569220724618928
0.85,1.95,0.6647164122231871
0.85,2.0,0.6721605101313277
0.85,2.05,0.6792774712256979
0.85,2.1,0.6860888700627344
0.85,2.15,0.6926169807298649
0.85,2.2,0.698882313749446
0.85,2.25,0.7049025042886785
0.85,2.3,0.7106932026350269
0.85,2.35,0.7162682412629199
0.85,2.4,0.7216398585215961
0.85,2.45,0.7268186550703953
0.85,2.5,0.7318141518039859
0.9,0.0,0.0022831228432772695
0.9,0.05,0.0021833860257304783
0.9,0.1,0.0020874533478527904
0.9,0.15,0.0020808550949898597
0.9,0.2,0.0021281891139812267
0.9,0.25,0.00229449104372754
0.9,0.3,0.002484236531493828
0.9,0.35,0.0028337452834349417
0.9,0.4,0.0038992337776684125
0.9,0.45,0.05547513872348813
0.9,0.5,0.11607811427456194
0.9,0.55,0.1618596117876851
0.9,0.6,0.20068561586980319
0.9,0.65,0.23821510301309817
0.9,0.7,0.2739342070968266
0.9,0.75,0.3061645675189896
0.9,0.8,0.3346004089862503
0.9,0.85,0.36037571516726563
0.9,0.9,0.3842956821580455
0.9,0.95,0.4068238654464476
0.9,1.0,0.4278982736617499
0.9,1.05,0.4479004122414611
0.9,1.1,0.46690589522426507
0.9,1.15,0.48484651041972576
0.9,1.2,0.5017667961445843
0.9,1.25,0.5178802249196934
0.9,1.3,0.5332403142895628
0.9,1.35,0.547725003424518
0.9,1.4,0.5612968075229783
0.9,1.45,0.5740222055576534
0.9,1.5,0.5859885806767032
0.9,1.55,0.5973056703362631
0.9,1.6,0.6080024737604527
0.9,1.65,0.6181107030852425
0.9,1.7,0.6276887983210299
0.9,1.75,0.6367922084416494
0.9,1.8,0.6454595990157582
0.9,1.85,0.653716029841498
0.9,1.9,0.6615911807109652
0.9,1.95,0.6691144538615965
0.9,2.0,0.6763169982026694
0.9,2.05,0.6832225995214327
0.9,2.1,0.689835416672845
0.9,2.15,0.6961831616736487
0.9,2.2,0.7022816585016667
0.9,2.25,0.7081470807376788
0.9,2.3,0.7137929697187088
0.9,2.35,0.7192316789491
0.9,2.4,0.7244749636503337
0.9,2.45,0.7295325152734207
0.9,2.5,0.7344135099734896
0.95,0.0,0.0031483899804321085
0.95,0.05,0.002850123535418023
0.95,0.1,0.0027609324810513526
0.95,0.15,0.0028641884724892003
0.95,0.2,0.0030964826330639335
0.95,0.25,0.0037111623889001092
0.95,0.3,0.006380134481903249
0.95,0.35,0.07354795660753209
0.95,0.4,0.12019826026034998
0.95,0.45,0.16476205484549242
0.95,0.5,0.19792775622249448
0.95,0.55,0.2264339667568111
0.95,0.6,0.25535513345018385
0.95,0.65,0.2834581550949721
0.95,0.7,0.3121428795699237
0.95,0.75,0.33895811184308927
0.95,0.8,0.3635429607964917
0.95,0.85,0.38620026767085697
0.95,0.9,0.4075419542415537
0.95,0.95,0.4277585815196934
0.95,1.0,0.4469944839935673
0.95,1.05,0.4651855570068093
0.95,1.1,0.4825954826694545
0.95,1.15,0.49918695391482115
0.95,1.2,0.5148589821988226
0.95,1.25,0.5297294900302357
0.95,1.3,0.5438902560824799
0.95,1.35,0.5574470042813561
0.95,1.4,0.5702546032572624
0.95,1.45,0.5823201864501689
0.95,1.5,0.5937126693371579
0.95,1.55,0.6045201833563258
0.95,1.6,0.6147585090056317
0.95,1.65,0.6244490984041201
0.95,1.7,0.6336409465468154
0.95,1.75,0.6423976317360498
0.95,1.8,0.6507549561932913
0.95,1.85,0.6587203986257759
0.95,1.9,0.6663230377641237
0.95,1.95,0.6735922190591
0.95,2.0,0.6805532786071612
0.95,2.05,0.6872294963598817
0.95,2.1,0.6936283763669647
0.95,2.15,0.6997931120401323
0.95,2.2,0.705716022986146
0.95,2.25,0.7114258686244083
0.95,2.3,0.7169244958033004
0.95,2.35,0.7222250172882687
0.95,2.4,0.7273399148081955
0.95,2.45,0.7322758693433582
0.95,2.5,0.7370420424848417
1.0,0.0,0.022612283580009572
1.0,0.05,0.02758989341061248
1.0,0.1,0.04909849388072917
1.0,0.15,0.07232135900239091
1.0,0.2,0.09835639508374042
1.0,0.25,0.12405294342129913
1.0,0.3,0.1540510985848261
1.0,0.35,0.17711064758697714
1.0,0.4,0.20267563986443354
1.0,0.45,0.23177758399694887
1.0,0.5,0.25741409632311407
1.0,0.55,0.27944470155902035
1.0,0.6,0.30162574261400654
1.0,0.65,0.32387133493492276
1.0,0.7,0.3465449668411332
1.0,0.75,0.36927586773153037
1.0,0.8,0.39047429380145193
1.0,0.85,0.4102471363590943
1.0,0.9,0.4291566363330149
1.0,0.95,0.447441309678916
1.0,1.0,0.46496166737923456
1.0,1.05,0.48168883854339833
1.0,1.1,0.4976287571715386
1.0,1.15,0.512914753114699
1.0,1.2,0.5275015772851344
1.0,1.25,0.5413622697868739
1.0,1.3,0.5545424433114257
1.0,1.35,0.5671162855758838
1.0,1.4,0.5791206563311018
1.0,1.45,0.5905410943730508
1.0,1.5,0.6013433799275654
1.0,1.55,0.6116808353949112
1.0,1.6,0.6214798250639643
1.0,1.65,0.6307661405483118
1.0,1.7,0.6395857965185664
1.0,1.75,0.648003641694495
1.0,1.8,0.6560557803025203
1.0,1.85,0.6637348200710891
1.0,1.9,0.6710717977102573
1.0,1.95,0.6780940481220348
1.0,2.0,0.6848248582045202
1.0,2.05,0.6912836425248642
1.0,2.1,0.6974877051442074
1.0,2.15,0.7034557468480643
1.0,2.2,0.7091988326030386
1.0,2.25,0.714745277341327
1.0,2.3,0.7200872452815655
1.0,2.35,0.7252458117770845
1.0,2.4,0.7302333963234104
1.0,2.45,0.735045736729187
1.0,2.5,0.7396955789732073
1.05,0.0,0.19037969261816073
1.05,0.05,0.18447930243718827
1.05,0.1,0.18423283332860674
1.05,0.15,0.19000198180026862
1.05,0.2,0.20108539897960315
1.05,0.25,0.21361731383509774
1.05,0.3,0.2311841863186103
1.05,0.35,0.24737960560649236
1.05,0.4,0.26472342705979435
1.05,0.45,0.28549278273815615
1.05,0.5,0.30561178385862653
1.05,0.55,0.3236664659214654
1.05,0.6,0.34139758543718907
1.05,0.65,0.35975497260757766
1.05,0.7,0.3782741014870227
1.05,0.75,0.3971049473816736
1.05,0.8,0.41563439755612136
1.05,0.85,0.43315131806098944
1.05,0.9,0.4498274701817967
1.05,0.95,0.46606274622757116
1.05,1.0,0.48199946333381255
1.05,1.05,0.49733279175247996
1.05,1.1,0.5120214419736742
1.05,1.15,0.5261154345683887
1.05,1.2,0.5396705755486665
1.05,1.25,0.5526339970906793
1.05,1.3,0.5649886029617059
1.05,1.35,0.5767611569534834
1.05,1.4,0.587986586210031
1.05,1.45,0.5987301481010429
1.05,1.5,0.6089882332367111
1.05,1.55,0.618805953855985
1.05,1.6,0.6281579621648962
1.05,1.65,0.6370515938490288
1.05,1.7,0.6455225655810437
1.05,1.75,0.6536121901818229
1.05,1.8,0.6613467454047114
1.05,1.85,0.6687411712007786
1.05,1.9,0.675817624202431
1.05,1.95,0.6825990299548133
1.05,2.0,0.689105933414785
1.05,2.05,0.6953563730650196
1.05,2.1,0.7013667836105083
1.05,2.15,0.7071523644794919
1.05,2.2,0.7127273968390854
1.05,2.25,0.7181048898011773
1.05,2.3,0.7232910778522409
1.05,2.35,0.7283056582629632
1.05,2.4,0.7331575426475982
1.05,2.45,0.7378405112704955
1.05,2.5,0.7423698449674696
1.1,0.0,0.2680100187242134
1.1,0.05,0.26538301273504894
1.1,0.1,0.2628758306385377
1.1,0.15,0.26436447026715615
1.1,0.2,0.2701035543405061
1.1,0.25,0.27818276093812266
1.1,0.3,0.2896260854823612
1.1,0.35,0.3019105838122593
1.1,0.4,0.31531816876000174
1.1,0.45,0.330487111027725
1.1,0.5,0.3467083139262684
1.1,0.55,0.36193823290907173
1.1,0.6,0.37667726058178
1.1,0.65,0.3917417990900239
1.1,0.7,0.4073609101701625
1.1,0.75,0.42314335820598953
1.1,0.8,0.43918494729391466
1.1,0.85,0.4548150399610466
1.1,0.9,0.46974968809131235
1.1,0.95,0.4841261016885086
1.1,1.0,0.49830772387603267
1.1,1.05,0.5122891285076587
1.1,1.1,0.5257980965993282
1.1,1.15,0.5388890394032214
1.1,1.2,0.5514473122203501
1.1,1.25,0.5635441750615381
1.1,1.3,0.5751319932496883
1.1,1.35,0.5861998150615416
1.1,1.4,0.5967671273480819
1.1,1.45,0.6068605472315189
1.1,1.5,0.6165580051648384
1.1,1.55,0.6258676772170243
1.1,1.6,0.6347801361343518
1.1,1.65,0.6432876626485912
1.1,1.7,0.6514111869431861
1.1,1.75,0.6591770913493058
1.1,1.8,0.6666086660416285
1.1,1.85,0.6737256935539557
1.1,1.9,0.6805478082088962
1.1,1.95,0.687094364498096
1.1,2.0,0.6933832788099166
1.1,2.05,0.6994308071147889
1.1,2.1,0.7052518256091468
1.1,2.15,0.7108600257105896
1.1,2.2,0.7162679766466469
1.1,2.25,0.7214867336555912
1.1,2.3,0.7265264078118814
1.1,2.35,0.7313986245798553
1.1,2.4,0.7361101375557557
1.1,2.45,0.7406633291536187
1.1,2.5,0.7450691127583002
1.15,0.0,0.32531247929523327
1.15,0.05,0.32426221361123164
1.15,0.1,0.3221684473806638
1.15,0.15,0.32214124953596385
1.15,0.2,0.325073723550052
1.15,0.25,0.33021512269690056
1.15,0.3,0.3381271038512894
1.15,0.35,0.34738743742057077
1.15,0.4,0.3580296295184696
1.15,0.45,0.3696444782803009
1.15,0.5,0.3827981445983338
1.15,0.55,0.39568520927172857
1.15,0.6,0.408127068694617
1.15,0.65,0.4207173414535699
1.15,0.7,0.43395804715291014
1.15,0.75,0.44757609604153864
1.15,0.8,0.4614210891647752
1.15,0.85,0.475285357079111
1.15,0.9,0.4887388772179295
1.15,0.95,0.5017031935895467
1.15,1.0,0.5143173689031532
1.15,1.05,0.526791685200488
1.15,1.1,0.5391851370017602
1.15,1.15,0.5512605322939201
1.15,1.2,0.5629173765497317
1.15,1.25,0.5741533204036082
1.15,1.3,0.5849944740669748
1.15,1.35,0.5954093531263588
1.15,1.4,0.6053851301923857
1.15,1.45,0.6149416116796426
1.15,1.5,0.6241084826445923
1.15,1.55,0.6328985971806532
1.15,1.6,0.6413475028149902
1.15,1.65,0.6494671035277445
1.15,1.7,0.6572450408771842
1.15,1.75,0.6646925431577054
1.15,1.8,0.6718308706113296
1.15,1.85,0.6786788367080613
1.15,1.9,0.6852533828202645
1.15,1.95,0.6915710873309088
1.15,2.0,0.6976474319894499
1.15,2.05,0.7034967802574592
1.15,2.1,0.7091324849273982
1.15,2.15,0.7145668548883322
1.15,2.2,0.7198111323502517
1.15,2.25,0.7248755593836915
1.15,2.3,0.7297697351639146
1.15,2.35,0.7345026098528895
1.15,2.4,0.7390813652070155
1.15,2.45,0.7435127844894183
1.15,2.5,0.7478076386687516
1.2,0.0,0.37148921830911635
1.2,0.05,0.37095419895960413
1.2,0.1,0.36967684967933956
1.2,0.15,0.3692825900609593
1.2,0.2,0.37093557161127955
1.2,0.25,0.37426833070023946
1.2,0.3,0.3799191052071957
1.2,0.35,0.3869114269499835
1.2,0.4,0.3951960935634933
1.2,0.45,0.4045884349022201
1.2,0.5,0.41509391026628195
1.2,0.55,0.4260020466532943
1.2,0.6,0.4367502648942273
1.2,0.65,0.4475112539964136
1.2,0.7,0.45856755754624
1.2,0.75,0.470422788775623
1.2,0.8,0.48249096541299114
1.2,0.85,0.4947301799255547
1.2,0.9,0.5067988175786392
1.2,0.95,0.5185421693391903
1.2,1.0,0.5299517702847459
1.2,1.05,0.5411145693036489
1.2,1.1,0.5522040786303308
1.2,1.15,0.5632655613347382
1.2,1.2,0.5740583645308784
1.2,1.25,0.5845113859229457
1.2,1.3,0.5946174878987511
1.2,1.35,0.6044016371338985
1.2,1.4,0.6138213511491922
1.2,1.45,0.6228694212601426
1.2,1.5,0.6315547879555282
1.2,1.55,0.6398903374799929
1.2,1.6,0.6478969725563114
1.2,1.65,0.655596736139503
1.2,1.7,0.663029044303597
1.2,1.75,0.6701565738173242
1.2,1.8,0.6770087255000158
1.2,1.85,0.6835948638186641
1.2,1.9,0.6899280963070995
1.2,1.95,0.6960227089381533
1.2,2.0,0.7018915441398061
1.2,2.05,0.7075470694199316
1.2,2.1,0.7130012886676832
1.2,2.15,0.7182652790259998
1.2,2.2,0.7233491228512645
1.2,2.25,0.7282621112496486
1.2,2.3,0.7330129484207684
1.2,2.35,0.7376097297628922
1.2,2.4,0.7420598967886723
1.2,2.45,0.74637086868456
1.2,2.5,0.7505504898229681
1.25,0.0,0.41023479159050574
1.25,0.05,0.4099956265665961
1.25,0.1,0.40936830166013444
1.25,0.15,0.40900113791823733
1.25,0.2,0.4099834720181214
1.25,0.25,0.4122402143631028
1.25,0.3,0.41642348565763
1.25,0.35,0.4216583684698219
1.25,0.4,0.42807278125274784
1.25,0.45,0.4357737438802977
1.25,0.5,0.444246847316365
1.25,0.55,0.4535123710818837
1.25,0.6,0.46287363498184264
1.25,0.65,0.4722233020227814
1.25,0.7,0.481710375870036
1.25,0.75,0.4917863582497362
1.25,0.8,0.5024159669542347
1.25,0.85,0.5131944847784317
1.25,0.9,0.5239836132355044
1.25,0.95,0.5346110427176473
1.25,1.0,0.5449794729753253
1.25,1.05,0.5551170788608474
1.25,1.1,0.5650852573388059
1.25,1.15,0.5749947872108135
1.25,1.2,0.58491443914983
1.25,1.25,0.5946209559736798
1.25,1.3,0.6040533527288001
1.25,1.35,0.6131984675317594
1.25,1.4,0.6220727743166022
1.25,1.45,0.6306297037690327
1.25,1.5,0.6388625743731822
1.25,1.55,0.646776999883742
1.25,1.6,0.6543872251977225
1.25,1.65,0.6617137067047663
1.25,1.7,0.6687683896401421
1.25,1.75,0.6755659505110038
1.25,1.8,0.6821428906938594
1.25,1.85,0.6884708164808118
1.25,1.9,0.6945676849646404
1.25,1.95,0.7004447704436051
1.25,2.0,0.7061106800858434
1.25,2.05,0.7115762620814851
1.25,2.1,0.7168525968505397
1.25,2.15,0.7219496043209092
1.25,2.2,0.726876126906772
1.25,2.25,0.7316404158893809
1.25,2.3,0.7362503882040943
1.25,2.35,0.740713624161529
1.25,2.4,0.7450373419793531
1.25,2.45,0.7492284705442914
1.25,2.5,0.7532934696757152
1.3,0.0,0.44357737750966925
1.3,0.05,0.44348495902610086
1.3,0.1,0.4432314095714705
1.3,0.15,0.44310528337433597
1.3,0.2,0.44373952071228145
1.3,0.25,0.44537022698822254
1.3,0.3,0.4484835946332474
1.3,0.35,0.45259578993421096
1.3,0.4,0.45766376446529217
1.3,0.45,0.46386413673354354
1.3,0.5,0.4708456300767017
1.3,0.55,0.47865634098554793
1.3,0.6,0.4868114025276463
1.3,0.65,0.4949946712626889
1.3,0.7,0.5032656020167159
1.3,0.75,0.51182625728609
1.3,0.8,0.5211012825921449
1.3,0.85,0.5306970311038843
1.3,0.9,0.5403601226361411
1.3,0.95,0.5499233718222556
1.3,1.0,0.5593577127160969
1.3,1.05,0.5686058889281607
1.3,1.1,0.5776916145008779
1.3,1.15,0.5866533810534285
1.3,1.2,0.5955677265383592
1.3,1.25,0.6045077070945787
1.3,1.3,0.6132887364108367
1.3,1.35,0.6218436784077771
1.3,1.4,0.6301604020110853
1.3,1.45,0.638231613895566
1.3,1.5,0.646030948667794
1.3,1.55,0.6535423480390249
1.3,1.6,0.6607773513346292
1.3,1.65,0.6677494248373516
1.3,1.7,0.6744692061416044
1.3,1.75,0.6809591819309192
1.3,1.8,0.6872411557087009
1.3,1.85,0.6933039387835774
1.3,1.9,0.6991697791574129
1.3,1.95,0.7048351054596158
1.3,2.0,0.7103014446395964
1.3,2.05,0.7155801193923058
1.3,2.1,0.7206819520551421
1.3,2.15,0.7256154219448007
1.3,2.2,0.730387752308117
1.3,2.25,0.735006047999839
1.3,2.3,0.7394775393469355
1.3,2.35,0.7438093771864975
1.3,2.4,0.7480084166738042
1.3,2.45,0.7520810695680648
1.3,2.5,0.7560331223357805
1.35,0.0,0.4727827627677379
1.35,0.05,0.472765571519808
1.35,0.1,0.47272386804885486
1.35,0.15,0.47273085042628604
1.35,0.2,0.47332020511257694
1.35,0.25,0.47460324014809163
1.35,0.3,0.4769892395349825
1.35,0.35,0.4803341021783012
1.35,0.4,0.48441897756445146
1.35,0.45,0.4894215249068453
1.35,0.5,0.4952363445508114
1.35,0.55,0.5017773213802629
1.35,0.6,0.5088225921069209
1.35,0.65,0.5160014802761521
1.35,0.7,0.5232804076909909
1.35,0.75,0.5307815954556915
1.35,0.8,0.5387363483546654
1.35,0.85,0.5472436888524844
1.35,0.9,0.5559148986435111
1.35,0.95,0.5645436079497476
1.35,1.0,0.5730850938638642
1.35,1.05,0.5815466761022923
1.35,1.1,0.5898727522900566
1.35,1.15,0.5980758565719463
1.35,1.2,0.6061768308174318
1.35,1.25,0.6142411578625093
1.35,1.3,0.6223435232958004
1.35,1.35,0.6303180116543106
1.35,1.4,0.6381062199347812
1.35,1.45,0.6456999662606832
1.35,1.5,0.6530679117088821
1.35,1.55,0.6601858746346521
1.35,1.6,0.6670592730335548
1.35,1.65,0.6736969678340735
1.35,1.7,0.680109286725179
1.35,1.75,0.6863088694151221
1.35,1.8,0.6923027107588473
1.35,1.85,0.698090114876508
1.35,1.9,0.7037397071888394
1.35,1.95,0.7091944448537253
1.35,2.0,0.7144613413585774
1.35,2.05,0.7195549537474363
1.35,2.1,0.7244857328463314
1.35,2.15,0.7292594053847671
1.35,2.2,0.7338807187423988
1.35,2.25,0.7383556071205509
1.35,2.3,0.7426908315136295
1.35,2.35,0.7468932573777268
1.35,2.4,0.7509694322827083
1.35,2.45,0.7549253737767903
1.35,2.5,0.7587664475286845
1.4,0.0,0.49871461021387303
1.4,0.05,0.49874102528212827
1.4,0.1,0.49882492409276813
1.4,0.15,0.49900227369582795
1.4,0.2,0.499548465483528
1.4,0.25,0.5006699997458145
1.4,0.3,0.5025329400252162
1.4,0.35,0.5052489206589493
1.4,0.4,0.5085859342973976
1.4,0.45,0.5126719030984522
1.4,0.5,0.5176332901627085
1.4,0.55,0.5230994498080602
1.4,0.6,0.5291500042657533
1.4,0.65,0.5354846050851902
1.4,0.7,0.5419331892337583
1.4,0.75,0.5485728781296861
1.4,0.8,0.555448526296093
1.4,0.85,0.5628790259852084
1.4,0.9,0.5706419711183117
1.4,0.95,0.5784399452320753
1.4,1.0,0.5862109429970818
1.4,1.05,0.5939379064333784
1.4,1.1,0.6015936889370265
1.4,1.15,0.6091438319796995
1.4,1.2,0.6165862941964859
1.4,1.25,0.6239465202011834
1.4,1.3,0.6312684632837402
1.4,1.35,0.6386369542710902
1.4,1.4,0.6459157294460589
1.4,1.45,0.6530395739802582
1.4,1.5,0.6599771858041434
1.4,1.55,0.6667098762271157
1.4,1.6,0.6732331333590659
1.4,1.65,0.6795498033224157
1.4,1.7,0.6856661080225234
1.4,1.75,0.6915892603760073
1.4,1.8,0.6973255705721471
1.4,1.85,0.7028863030028912
1.4,1.9,0.7082889227143967
1.4,1.95,0.7135227459345254
1.4,2.0,0.7185874984691774
1.4,2.05,0.7234970234841825
1.4,2.1,0.7282612679167828
1.4,2.15,0.732879483620365
1.4,2.2,0.7373527657827523
1.4,2.25,0.7416864901434809
1.4,2.3,0.7458874121442168
1.4,2.35,0.7499622979954755
1.4,2.4,0.7539174670592722
1.4,2.45,0.7577586219946547
1.4,2.5,0.7614907831769003
1.45,0.0,0.5219653825367568
1.45,0.05,0.5220185582019623
1.45,0.1,0.522182054260522
1.45,0.15,0.5224801553614449
1.45,0.2,0.5230486397003784
1.45,0.25,0.5239818421127034
1.45,0.3,0.5254648487355952
1.45,0.35,0.527750606265654
1.45,0.4,0.530526240450025
1.45,0.45,0.5339463006401819
1.45,0.5,0.5381162495569122
1.45,0.55,0.542823179899979
1.45,0.6,0.5480258079030765
1.45,0.65,0.5536126414347132
1.45,0.7,0.559360590773494
1.45,0.75,0.5652474505806131
1.45,0.8,0.5713134325391306
1.45,0.85,0.5777146024862724
1.45,0.9,0.5845977762597327
1.45,0.95,0.5916395465621386
1.45,1.0,0.5987173320877018
1.45,1.05,0.6057901446275533
1.45,1.1,0.6128599770232115
1.45,1.15,0.6198253500713947
1.45,1.2,0.6266871113842656
1.45,1.25,0.633462309805025
1.45,1.3,0.640170801465355
1.45,1.35,0.6468543018993032
1.45,1.4,0.6535878307948607
1.45,1.45,0.6602419272793911
1.45,1.5,0.6667608602999024
1.45,1.55,0.673118119387227
1.45,1.6,0.6793010776246851
1.45,1.65,0.6853065940898352
1.45,1.7,0.6911368923294227
1.45,1.75,0.6967962884328405
1.45,1.8,0.7022894239907006
1.45,1.85,0.7076218917777296
1.45,1.9,0.7127977644444959
1.45,1.95,0.7178158226319049
1.45,2.0,0.7226779607402243
1.45,2.05,0.7274025326053108
1.45,2.1,0.7320085603058726
1.45,2.15,0.7364754006034235
1.45,2.2,0.7408025108296392
1.45,2.25,0.7449966305978838
1.45,2.3,0.749064892637637
1.45,2.35,0.7530139905526692
1.45,2.4,0.7568500125682097
1.45,2.45,0.7605783641876818
1.45,2.5,0.7642037258225288
1.5,0.0,0.5429683767296541
1.5,0.05,0.5430361095428283
1.5,0.1,0.5432414490007053
1.5,0.15,0.5435942993665313
1.5,0.2,0.5441243163850783
1.5,0.25,0.544978085550539
1.5,0.3,0.5462812029093862
1.5,0.35,0.5482186588508142
1.5,0.4,0.5505873607327868
1.5,0.45,0.5534745253831757
1.5,0.5,0.5569667200881012
1.5,0.55,0.5610478795852664
1.5,0.6,0.5655214296904253
1.5,0.65,0.5704568531076308
1.5,0.7,0.5755853647269286
1.5,0.75,0.5808446539870884
1.5,0.8,0.5862464800030394
1.5,0.85,0.5918494855276945
1.5,0.9,0.597858139214339
1.5,0.95,0.6042055603882462
1.5,1.0,0.6106493049644279
1.5,1.05,0.6171921852233307
1.5,1.1,0.6236924403409194
1.5,1.15,0.630111022864453
1.5,1.2,0.6364471284023232
1.5,1.25,0.6427096514661795
1.5,1.3,0.648907355968424
1.5,1.35,0.6550539783968244
1.5,1.4,0.661174712060676
1.5,1.45,0.6673281289017137
1.5,1.5,0.6734301552999934
1.5,1.55,0.6794185239344295
1.5,1.6,0.6852683731345547
1.5,1.65,0.6909698012977694
1.5,1.7,0.696521556528656
1.5,1.75,0.7019257566075868
1.5,1.8,0.7071833214419693
1.5,1.85,0.7122938630182842
1.5,1.9,0.7172571400473465
1.5,1.95,0.7220732027891518
1.5,2.0,0.7267437792122939
1.5,2.05,0.7312850367673532
1.5,2.1,0.7357352080119982
1.5,2.15,0.7400481790831808
1.5,2.2,0.7442287268482021
1.5,2.25,0.7482840971212096
1.5,2.3,0.752221116838259
1.5,2.35,0.7560461042253448
1.5,2.4,0.7597648203945921
1.5,2.45,0.7633823683383416
1.5,2.5,0.7669030811777352
1.55,0.0,0.562064172903526
1.55,0.05,0.5621396434121991
1.55,0.1,0.5623660927132281
1.55,0.15,0.5627465693556263
1.55,0.2,0.5632961296250286
1.55,0.25,0.5641032055858307
1.55,0.3,0.5652842701085348
1.55,0.35,0.5669360635398032
1.55,0.4,0.5689725232717533
1.55,0.45,0.5714315961489367
1.55,0.5,0.5743919600737574
1.55,0.55,0.5779364423085123
1.55,0.6,0.5818305114522335
1.55,0.65,0.5861507650326988
1.55,0.7,0.5907331091544993
1.55,0.75,0.595453269382665
1.55,0.8,0.6003007279522403
1.55,0.85,0.6053033809531521
1.55,0.9,0.6105468882131831
1.55,0.95,0.6162324454911066
1.55,1.0,0.6221450979587022
1.55,1.05,0.6281207499502277
1.55,1.1,0.6340844217677855
1.55,1.15,0.6399969244309851
1.55,1.2,0.6458535165148959
1.55,1.25,0.6516581304390658
1.55,1.3,0.6574067980807502
1.55,1.35,0.6630978033598927
1.55,1.4,0.668737977732118
1.55,1.45,0.6743518413497475
1.55,1.5,0.6800074940766234
1.55,1.55,0.6856247152158748
1.55,1.6,0.6911441799953605
1.55,1.65,0.6965448613371851
1.55,1.7,0.701821903260359
1.55,1.75,0.706977456154657
1.55,1.8,0.7120075825634219
1.55,1.85,0.7169047038647961
1.55,1.9,0.7216660703128015
1.55,1.95,0.7262929502220801
1.55,2.0,0.7307905151041798
1.55,2.05,0.7351710849258158
1.55,2.1,0.7394424631606805
1.55,2.15,0.7435957566759556
1.55,2.2,0.7476291342267968
1.55,2.25,0.7515467463122435
1.55,2.3,0.7553540490275839
1.55,2.35,0.7590566302580596
1.55,2.4,0.762659855577125
1.55,2.45,0.7661685822818003
1.55,2.5,0.7695868380410203
1.6,0.0,0.5795203602936997
1.6,0.05,0.5796021853823424
1.6,0.1,0.5798409710444915
1.6,0.15,0.5802404039672792
1.6,0.2,0.5808178342748599
1.6,0.25,0.5816090028116632
1.6,0.3,0.5826698131002811
1.6,0.35,0.5840854390235293
1.6,0.4,0.5858611293804733
1.6,0.45,0.5879872716381761
1.6,0.5,0.5905565825088969
1.6,0.55,0.5936198027055529
1.6,0.6,0.5970549215449599
1.6,0.65,0.6008194581823014
1.6,0.7,0.6049113728428271
1.6,0.75,0.609159854157103
1.6,0.8,0.6135365509459801
1.6,0.85,0.6180517126636202
1.6,0.9,0.6227503040687035
1.6,0.95,0.6277733038988283
1.6,1.0,0.6331160109764133
1.6,1.05,0.6385680803070274
1.6,1.1,0.644040423657112
1.6,1.15,0.6494894989012262
1.6,1.2,0.6549046987829017
1.6,1.25,0.6603005698986131
1.6,1.3,0.6656495046844083
1.6,1.35,0.6709394119160703
1.6,1.4,0.6761753353319409
1.6,1.45,0.6813689394208796
1.6,1.5,0.6865442423680458
1.6,1.55,0.6917579076786563
1.6,1.6,0.6969425814961945
1.6,1.65,0.7020415337232699
1.6,1.7,0.7070419928114238
1.6,1.75,0.7119544239860844
1.6,1.8,0.7167662295703019
1.6,1.85,0.7214564261337683
1.6,1.9,0.7260223368604241
1.6,1.95,0.7304661719908598
1.6,2.0,0.7347925948337106
1.6,2.05,0.7390076187010534
1.6,2.1,0.7431144129834174
1.6,2.15,0.7471120187207251
1.6,2.2,0.7510004426366366
1.6,2.25,0.7547823459913463
1.6,2.3,0.7584618860630676
1.6,2.35,0.7620438689179532
1.6,2.4,0.7655333383214843
1.6,2.45,0.7689351307641555
1.6,2.5,0.7722531612178082
1.65,0.0,0.5954884192155073
1.65,0.05,0.5956396470886696
1.65,0.1,0.5958835059410724
1.65,0.15,0.5962807933605043
1.65,0.2,0.5968474118430934
1.65,0.25,0.5976029124259532
1.65,0.3,0.5985793159355183
1.65,0.35,0.5998138283761273
1.65,0.4,0.6014042818061113
1.65,0.45,0.6032861919187898
1.65,0.5,0.6055562135021982
1.65,0.55,0.6082209981851092
1.65,0.6,0.6112644556973142
1.65,0.65,0.6145730302559775
1.65,0.7,0.6182049542561704
1.65,0.75,0.6220342521917511
1.65,0.8,0.626001830840575
1.65,0.85,0.6300989871577023
1.65,0.9,0.6343453874285799
1.65,0.95,0.6387890463253777
1.65,1.0,0.6435719208699612
1.65,1.05,0.6485479575847078
1.65,1.1,0.6535799335142163
1.65,1.15,0.6586136574503109
1.65,1.2,0.6636249075880171
1.65,1.25,0.6686509518630882
1.65,1.3,0.6736324194612924
1.65,1.35,0.6785597258436563
1.65,1.4,0.683437357156376
1.65,1.45,0.688272119474769
1.65,1.5,0.6930745429443713
1.65,1.55,0.697863345067242
1.65,1.6,0.7026842346458221
1.65,1.65,0.7074762624040811
1.65,1.7,0.7121998119810529
1.65,1.75,0.7168721967451764
1.65,1.8,0.7214668157274053
1.65,1.85,0.7259509179275846
1.65,1.9,0.7303238246331261
1.65,1.95,0.7345869006532436
1.65,2.0,0.738742839931542
1.65,2.05,0.7427946308166155
1.65,2.1,0.7467441824958709
1.65,2.15,0.750592242408165
1.65,2.2,0.7543398267034095
1.65,2.25,0.7579891118322624
1.65,2.3,0.7615433581523651
1.65,2.35,0.7650066690583517
1.65,2.4,0.768383898318499
1.65,2.45,0.7716803440742654
1.65,2.5,0.7749004044526433
1.7,0.0,0.6103561809561467
1.7,0.05,0.6104471316740443
1.7,0.1,0.610679009544852
1.7,0.15,0.6110607591383824
1.7,0.2,0.6115992216049025
1.7,0.25,0.6123033989515765
1.7,0.3,0.6131947064580139
1.7,0.35,0.6143274720128536
1.7,0.4,0.6157588991976052
1.7,0.45,0.617465753141367
1.7,0.5,0.6194923972250241
1.7,0.55,0.6218512536329859
1.7,0.6,0.6245288780344456
1.7,0.65,0.6274609517964349
1.7,0.7,0.6306743313434311
1.7,0.75,0.6341377047740098
1.7,0.8,0.6377457392993354
1.7,0.85,0.6414758478260683
1.7,0.9,0.6453311589438678
1.7,0.95,0.6493341769528076
1.7,1.0,0.6535670841495609
1.7,1.05,0.658095267369316
1.7,1.1,0.6627265947221682
1.7,1.15,0.6673900418922526
1.7,1.2,0.6720579661033201
1.7,1.25,0.6767195545114845
1.7,1.3,0.681353924274465
1.7,1.35,0.6859486661725267
1.7,1.4,0.6905023753420528
1.7,1.45,0.6950176814347652
1.7,1.5,0.6994997221838313
1.7,1.55,0.7039566059415177
1.7,1.6,0.7083986725779992
1.7,1.65,0.7128621820180508
1.7,1.7,0.7173258319869006
1.7,1.75,0.7217513442718898
1.7,1.8,0.7261133320939264
1.7,1.85,0.7303888085410504
1.7,1.9,0.7345695484692113
1.7,1.95,0.7386535005331873
1.7,2.0,0.7426409679342003
1.7,2.05,0.7465330028404037
1.7,2.1,0.7503305671710271
1.7,2.15,0.7540344513342772
1.7,2.2,0.7576457203455214
1.7,2.25,0.7611660918637011
1.7,2.3,0.7645980344086024
1.7,2.35,0.767944835235011
1.7,2.4,0.771210981974658
1.7,2.45,0.7744028549162972
1.7,2.5,0.7775271724803744
1.75,0.0,0.6240924341237256
1.75,0.05,0.6241655881562328
1.75,0.1,0.6243839734691219
1.75,0.15,0.6247473454029158
1.75,0.2,0.6252563106356268
1.75,0.25,0.6259116088842078
1.75,0.3,0.6267163702717445
1.75,0.35,0.6277309143239813
1.75,0.4,0.6290702389934126
1.75,0.45,0.6306485732260958
1.75,0.5,0.632455276890812
1.75,0.55,0.6345384263749405
1.75,0.6,0.6369159297726079
1.75,0.65,0.6395465304123084
1.75,0.7,0.6424031744863186
1.75,0.75,0.6455342649191012
1.75,0.8,0.6488219333763201
1.75,0.85,0.6522282024177213
1.75,0.9,0.6557462079792653
1.75,0.95,0.6593862070412466
1.75,1.0,0.6631823405776405
1.75,1.05,0.6672453719351809
1.75,1.1,0.6714997842258564
1.75,1.15,0.6758178706468694
1.75,1.2,0.6801564561092903
1.75,1.25,0.6844928568767805
1.75,1.3,0.688811172339796
1.75,1.35,0.6931015582035325
1.75,1.4,0.6973600340514992
1.75,1.45,0.7015861695784905
1.75,1.5,0.7057815749072333
1.75,1.55,0.7099491019608426
1.75,1.6,0.7140927924241073
1.75,1.65,0.7182257536336534
1.75,1.7,0.7223931281655451
1.75,1.75,0.7265685837935849
1.75,1.8,0.7307018730370654
1.75,1.85,0.734769605145306
1.75,1.9,0.7387594773000099
1.75,1.95,0.742666167881355
1.75,2.0,0.7464877502887518
1.75,2.05,0.7502236246623448
1.75,2.1,0.7538736800445496
1.75,2.15,0.7574381180893682
1.75,2.2,0.7609175464240577
1.75,2.25,0.7643130826086603
1.75,2.3,0.7676263746706374
1.75,2.35,0.7708596335227755
1.75,2.4,0.7740160379209616
1.75,2.45,0.7771021168917627
1.75,2.5,0.7801326970640755
1.8,0.0,0.636848647001952
1.8,0.05,0.6369181577138241
1.8,0.1,0.6371265885836436
1.8,0.15,0.637473802765634
1.8,0.2,0.6379597620223849
1.8,0.25,0.6385848308030657
1.8,0.3,0.6393532704737436
1.8,0.35,0.6403072709414144
1.8,0.4,0.6415307024742881
1.8,0.45,0.6429531624737719
1.8,0.5,0.6445689772846559
1.8,0.55,0.6464203154215293
1.8,0.6,0.6485290998410987
1.8,0.65,0.6509059044419165
1.8,0.7,0.653472854043568
1.8,0.75,0.656284410526099
1.8,0.8,0.6592832660289527
1.8,0.85,0.6624017428115234
1.8,0.9,0.6656248970721702
1.8,0.95,0.6689549342200349
1.8,1.0,0.6724087298112524
1.8,1.05,0.6760385757549501
1.8,1.1,0.6799204805968767
1.8,1.15,0.6839107126350258
1.8,1.2,0.6879397766636332
1.8,1.25,0.6919774969031189
1.8,1.3,0.6960070312445966
1.8,1.35,0.7000185283557353
1.8,1.4,0.7040066241091617
1.8,1.45,0.7079688556975352
1.8,1.5,0.7119045995906168
1.8,1.55,0.7158145177847358
1.8,1.6,0.7197009381090052
1.8,1.65,0.7235700124549236
1.8,1.7,0.727435285540472
1.8,1.75,0.7313312693128812
1.8,1.8,0.7352340682432792
1.8,1.85,0.7390947565890603
1.8,1.9,0.742894799559305
1.8,1.95,0.746625905845153
1.8,2.0,0.75028420397973
1.8,2.05,0.7538673642245666
1.8,2.1,0.7573739504665722
1.8,2.15,0.7608032406492126
1.8,2.2,0.7641551418360956
1.8,2.25,0.7674301253344237
1.8,2.3,0.7706291414030197
1.8,2.35,0.7737535126130008
1.8,2.4,0.7768048265920113
1.8,2.45,0.7797848715932149
1.8,2.5,0.7827226254488857
1.85,0.0,0.6487445836525153
1.85,0.05,0.6488110456144315
1.85,0.1,0.6490104686518201
1.85,0.15,0.6493430719542505
1.85,0.2,0.6498096801163397
1.85,0.25,0.6504130520450575
1.85,0.3,0.651161920216805
1.85,0.35,0.652077199770169
1.85,0.4,0.6531775388458942
1.85,0.45,0.6544546184608138
1.85,0.5,0.6559003257618474
1.85,0.55,0.6575746533056694
1.85,0.6,0.6594567008403557
1.85,0.65,0.6615998709350065
1.85,0.7,0.6639237002588233
1.85,0.75,0.6664439370885239
1.85,0.8,0.6691785905622839
1.85,0.85,0.6720383801089246
1.85,0.9,0.6750003703127532
1.85,0.95,0.6780603348856753
1.85,1.0,0.6812254930838694
1.85,1.05,0.6845176775064956
1.85,1.1,0.6880140110274656
1.85,1.15,0.691688791768221
1.85,1.2,0.6954262070077535
1.85,1.25,0.699186032774763
1.85,1.3,0.7029487837300576
1.85,1.35,0.7067032624944178
1.85,1.4,0.7104425679346407
1.85,1.45,0.7141625898931081
1.85,1.5,0.7178611522769796
1.85,1.55,0.7215375668901288
1.85,1.6,0.7251926904109589
1.85,1.65,0.7288294280422403
1.85,1.7,0.7324532474296608
1.85,1.75,0.7360744268524625
1.85,1.8,0.7397197033308808
1.85,1.85,0.7433693599936829
1.85,1.9,0.7469780203313644
1.85,1.95,0.7505342046057007
1.85,2.0,0.7540315160269544
1.85,2.05,0.7574651350594316
1.85,2.1,0.7608319017706167
1.85,2.15,0.7641299288416642
1.85,2.2,0.7673582982298617
1.85,2.25,0.7705168624422142
1.85,2.3,0.7736061176826722
1.85,2.35,0.7766271728840095
1.85,2.4,0.7795820511440604
1.85,2.45,0.7824758457048115
1.85,2.5,0.7853228876199265
1.9,0.0,0.659867475376635
1.9,0.05,0.6599308787470454
1.9,0.1,0.6601211728143931
1.9,0.15,0.6604387102194981
1.9,0.2,0.6608844798175595
1.9,0.25,0.6614609345592185
1.9,0.3,0.6621733276706526
1.9,0.35,0.6630301986320065
1.9,0.4,0.664040637290042
1.9,0.45,0.6652115099333822
1.9,0.5,0.6665487497572823
1.9,0.55,0.668064609957841
1.9,0.6,0.6697628355680743
1.9,0.65,0.6716824130965109
1.9,0.7,0.6737941211683319
1.9,0.75,0.6760681198799716
1.9,0.8,0.6785513025446859
1.9,0.85,0.6811757918407144
1.9,0.9,0.6839042586560389
1.9,0.95,0.6867255962589586
1.9,1.0,0.6896406083782554
1.9,1.05,0.6926601450306321
1.9,1.1,0.6958135835741972
1.9,1.15,0.6991723896379654
1.9,1.2,0.702632285846483
1.9,1.25,0.7061306721798982
1.9,1.3,0.709644986442507
1.9,1.35,0.7131613781562697
1.9,1.4,0.7166707745110518
1.9,1.45,0.7201673941564206
1.9,1.5,0.7236477305842411
1.9,1.55,0.7271099537412953
1.9,1.6,0.7305536635339708
1.9,1.65,0.7339798592123058
1.9,1.7,0.7373909889707144
1.9,1.75,0.7407912383883573
1.9,1.8,0.7441886649538992
1.9,1.85,0.7476034965190855
1.9,1.9,0.751012046500158
1.9,1.95,0.7543930339332796
1.9,2.0,0.7577312776465188
1.9,2.05,0.7610180911623464
1.9,2.1,0.7642481884713919
1.9,2.15,0.7674183096343744
1.9,2.2,0.7705266027340062
1.9,2.25,0.7735722773447183
1.9,2.3,0.776555440318227
1.9,2.35,0.7794771104569265
1.9,2.4,0.7823395424008115
1.9,2.45,0.7851468863584136
1.9,2.5,0.787903926549413
1.95,0.0,0.6702918442823433
1.95,0.05,0.6703520793296339
1.95,0.1,0.670532839811753
1.95,0.15,0.6708343435597274
1.95,0.2,0.6712571322247828
1.95,0.25,0.6718023312361678
1.95,0.3,0.672471899569332
1.95,0.35,0.6732688528575044
1.95,0.4,0.6741996810392997
1.95,0.45,0.6752835251555767
1.95,0.5,0.6765286584343941
1.95,0.55,0.6779223377444722
1.95,0.6,0.679466195968795
1.95,0.65,0.6811998615384812
1.95,0.7,0.6831206246491711
1.95,0.75,0.6851908237684043
1.95,0.8,0.6874364589096493
1.95,0.85,0.689848152688453
1.95,0.9,0.6923667505900459
1.95,0.95,0.6949749381682762
1.95,1.0,0.6976690250368381
1.95,1.05,0.7004537181584836
1.95,1.1,0.7033434675754038
1.95,1.15,0.7063846931721166
1.95,1.2,0.709571984957665
1.95,1.25,0.7128219095411484
1.95,1.3,0.7161042586501932
1.95,1.35,0.7193995198502381
1.95,1.4,0.7226957522474047
1.95,1.45,0.7259854529538637
1.95,1.5,0.729263885849521
1.95,1.55,0.7325281977788086
1.95,1.6,0.7357769448784136
1.95,1.65,0.7390098349991217
1.95,1.7,0.7422275799581602
1.95,1.75,0.7454318649021643
1.95,1.8,0.7486253663866204
1.95,1.85,0.7518090999468084
1.95,1.9,0.7550022240537991
1.95,1.95,0.7582064536236046
1.95,2.0,0.7613861746786702
1.95,2.05,0.7645279747403794
1.95,2.1,0.7676237764892774
1.95,2.15,0.7706686428458509
1.95,2.2,0.7736596026155441
1.95,2.25,0.7765950736662447
1.95,2.3,0.7794746015107243
1.95,2.35,0.7822987453424252
1.95,2.4,0.785069030913225
1.95,2.45,0.7877876757673606
1.95,2.5,0.7904564515021825
2.0,0.0,0.6800832847753545
2.0,0.05,0.6801403110546893
2.0,0.1,0.6803113951676281
2.0,0.15,0.6805965693431462
2.0,0.2,0.6809959330962931
2.0,0.25,0.6815096815273135
2.0,0.3,0.6821380475208881
2.0,0.35,0.6828811041519625
2.0,0.4,0.6837386383591743
2.0,0.45,0.6847403869671425
2.0,0.5,0.6859085580311118
2.0,0.55,0.6871969235704901
2.0,0.6,0.6886170239083045
2.0,0.65,0.6901902384715889
2.0,0.7,0.6919360452302075
2.0,0.75,0.6938327296204623
2.0,0.8,0.6958724218614084
2.0,0.85,0.6980888744818942
2.0,0.9,0.7004171189337255
2.0,0.95,0.7028329058838326
2.0,1.0,0.7053287909402445
2.0,1.05,0.7079054961473099
2.0,1.1,0.7105707203991113
2.0,1.15,0.713341146681059
2.0,1.2,0.7162511813612488
2.0,1.25,0.7192690584161101
2.0,1.3,0.7223356483277851
2.0,1.35,0.7254252095723429
2.0,1.4,0.728523204583119
2.0,1.45,0.7316205526817581
2.0,1.5,0.7347113940157194
2.0,1.55,0.7377919640849766
2.0,1.6,0.7408599493552948
2.0,1.65,0.7439140918385794
2.0,1.7,0.7469539111952422
2.0,1.75,0.7499794432931719
2.0,1.8,0.7529908598626364
2.0,1.85,0.7559887028024157
2.0,1.9,0.7589791276326565
2.0,1.95,0.7619838537635197
2.0,2.0,0.7650009306566253
2.0,2.05,0.7679975672816055
2.0,2.1,0.7709601778755116
2.0,2.15,0.7738815303881761
2.0,2.2,0.7767571162263021
2.0,2.25,0.7795842738663986
2.0,2.3,0.7823617411677435
2.0,2.35,0.7850893401671771
2.0,2.4,0.7877676785361614
2.0,2.45,0.7903977086509069
2.0,2.5,0.7929800987384246
2.05,0.0,0.6892998683522257
2.05,0.05,0.6893537493636993
2.05,0.1,0.6895153635832315
2.05,0.15,0.6897846314485221
2.05,0.2,0.6901614414110571
2.05,0.25,0.6906456798989863
2.05,0.3,0.6912373066982729
2.05,0.35,0.6919367231323251
2.05,0.4,0.6927471031885873
2.05,0.45,0.6936844440577189
2.05,0.5,0.6947541073135132
2.05,0.55,0.6959403663830858
2.05,0.6,0.6972441154476899
2.05,0.65,0.6986704393980004
2.05,0.7,0.7002794460716459
2.05,0.75,0.7020298602414501
2.05,0.8,0.7039025512644765
2.05,0.85,0.7059299246608717
2.05,0.9,0.7080836042980191
2.05,0.95,0.7103240384353539
2.05,1.0,0.7126401865847796
2.05,1.05,0.7150292403207902
2.05,1.1,0.7174927608503076
2.05,1.15,0.7200359370491882
2.05,1.2,0.7226877864196939
2.05,1.25,0.725485601649208
2.05,1.3,0.7283497912281061
2.05,1.35,0.7312469085169111
2.05,1.4,0.7341597720881308
2.05,1.45,0.737077644164008
2.05,1.5,0.7399935717410975
2.05,1.55,0.742902961189702
2.05,1.6,0.7458027650194002
2.05,1.65,0.7486909914062001
2.05,1.7,0.7515663721322687
2.05,1.75,0.7544281138142481
2.05,1.8,0.7572757986637598
2.05,1.85,0.7601098683037221
2.05,1.9,0.7629329595573638
2.05,1.95,0.7657512332763986
2.05,2.0,0.7685847820217816
2.05,2.05,0.7714312683016546
2.05,2.1,0.7742596740781488
2.05,2.15,0.7770581351332788
2.05,2.2,0.7798194889576947
2.05,2.25,0.7825395617062803
2.05,2.3,0.7852160324316858
2.05,2.35,0.787847869644874
2.05,2.4,0.7904348788436129
2.05,2.45,0.7929772260745108
2.05,2.5,0.7954750271125173
2.1,0.0,0.6979928619588212
2.1,0.05,0.6980437267783695
2.1,0.1,0.6981962767852082
2.1,0.15,0.6984503871355288
2.1,0.2,0.6988058829280578
2.1,0.25,0.6992626138081035
2.1,0.3,0.6998206468984913
2.1,0.35,0.7004807880754668
2.1,0.4,0.701245731235823
2.1,0.45,0.7021201784129814
2.1,0.5,0.7031054366514456
2.1,0.55,0.7041993833866125
2.1,0.6,0.7054042665918628
2.1,0.65,0.7067311528182283
2.1,0.7,0.7082024486082837
2.1,0.75,0.7098132348871962
2.1,0.8,0.711544861974709
2.1,0.85,0.7133991418334116
2.1,0.9,0.7153927774129148
2.1,0.95,0.7174720854489005
2.1,1.0,0.7196246202306232
2.1,1.05,0.7218446556359339
2.1,1.1,0.7241306850634176
2.1,1.15,0.7264856259404429
2.1,1.2,0.7289227182002537
2.1,1.25,0.7314897162294756
2.1,1.3,0.7341582884002401
2.1,1.35,0.7368736771672012
2.1,1.4,0.7396127213545525
2.1,1.45,0.7423624462844675
2.1,1.5,0.7451147309004094
2.1,1.55,0.7478641768525152
2.1,1.6,0.7506070850542952
2.1,1.65,0.7533408911510773
2.1,1.7,0.7560638136142878
2.1,1.75,0.758774642150053
2.1,1.8,0.761472700676532
2.1,1.85,0.7641580757640897
2.1,1.9,0.7668320514297555
2.1,1.95,0.769497666989968
2.1,2.0,0.7721608736218242
2.1,2.05,0.7748359900415946
2.1,2.1,0.7775258612102954
2.1,2.15,0.780200476530304
2.1,2.2,0.7828477386945418
2.1,2.25,0.7854613410931908
2.1,2.3,0.7880375031151331
2.1,2.35,0.7905742532105827
2.1,2.4,0.7930707367560256
2.1,2.45,0.7955265676897537
2.1,2.5,0.7979414538605969
2.15,0.0,0.7062074565686777
2.15,0.05,0.7062554599312809
2.15,0.1,0.7063994176585353
2.15,0.15,0.7066391815826147
2.15,0.2,0.7069745389253996
2.15,0.25,0.7074052816027828
2.15,0.3,0.7079313447581246
2.15,0.35,0.7085530389183425
2.15,0.4,0.709271242007892
2.15,0.45,0.7100870281605848
2.15,0.5,0.7110008683103833
2.15,0.55,0.7120137218677501
2.15,0.6,0.7131301306195895
2.15,0.65,0.7143587956888556
2.15,0.7,0.715711247515043
2.15,0.75,0.7172075653187121
2.15,0.8,0.7188190988818474
2.15,0.85,0.7205356804961325
2.15,0.9,0.7223686790075914
2.15,0.95,0.7242986822064962
2.15,1.0,0.7263025633730382
2.15,1.05,0.7283704885934388
2.15,1.1,0.7304991323435025
2.15,1.15,0.7326895079239967
2.15,1.2,0.7349484699967452
2.15,1.25,0.7372968259184044
2.15,1.3,0.7397723329677836
2.15,1.35,0.7423148186503884
2.15,1.4,0.7448896315753482
2.15,1.45,0.7474810887505388
2.15,1.5,0.7500797546673469
2.15,1.55,0.7526793490917417
2.15,1.6,0.755275525527314
2.15,1.65,0.7578652257913226
2.15,1.7,0.7604462870792286
2.15,1.75,0.7630172165931025
2.15,1.8,0.7655771146757397
2.15,1.85,0.7681257339850729
2.15,1.9,0.7706636165805999
2.15,1.95,0.773192227607359
2.15,2.0,0.7757140395581329
2.15,2.05,0.7782336392230492
2.15,2.1,0.7807660244400375
2.15,2.15,0.7833118616864132
2.15,2.2,0.7858436342701324
2.15,2.25,0.7883507211450368
2.15,2.3,0.7908267981849861
2.15,2.35,0.7932688734402525
2.15,2.4,0.7956755893963104
2.15,2.45,0.7980460781267846
2.15,2.5,0.8003796047528601
2.2,0.0,0.7139835642701298
2.2,0.05,0.7140288692706028
2.2,0.1,0.7141647254273047
2.2,0.15,0.7143909624569521
2.2,0.2,0.714707318949217
2.2,0.25,0.715113480556301
2.2,0.3,0.7156091367428373
2.2,0.35,0.7161940354739974
2.2,0.4,0.7168679683266164
2.2,0.45,0.7176306400225744
2.2,0.5,0.7184817152597296
2.2,0.55,0.7194219176846749
2.2,0.6,0.7204567233566092
2.2,0.65,0.721599435098889
2.2,0.7,0.722853103733955
2.2,0.75,0.7242524236385444
2.2,0.8,0.7257518571876981
2.2,0.85,0.7273381302895744
2.2,0.9,0.729025870378699
2.2,0.95,0.7308242517903845
2.2,1.0,0.7326929303537184
2.2,1.05,0.7346232697601467
2.2,1.1,0.7366105517321103
2.2,1.15,0.7386540830167584
2.2,1.2,0.7407570800496519
2.2,1.25,0.7429292259707532
2.2,1.3,0.7452048911191014
2.2,1.35,0.7475799461948452
2.2,1.4,0.7499980840486411
2.2,1.45,0.7524397968304488
2.2,1.5,0.7548937900576023
2.2,1.55,0.7573526250452609
2.2,1.6,0.7598112321474014
2.2,1.65,0.7622660746058493
2.2,1.7,0.7647146528040791
2.2,1.75,0.7671552234508556
2.2,1.8,0.7695866646455525
2.2,1.85,0.7720084372782982
2.2,1.9,0.7744205923010633
2.2,1.95,0.7768237833435192
2.2,2.0,0.7792193311182174
2.2,2.05,0.7816096234680331
2.2,2.1,0.7839989574127885
2.2,2.15,0.7863977267888289
2.2,2.2,0.7888101088258165
2.2,2.25,0.7912096811455165
2.2,2.3,0.7935850137517596
2.2,2.35,0.7959322861429737
2.2,2.4,0.7982498256213446
2.2,2.45,0.8005360998405184
2.2,2.5,0.8027897307957969
2.25,0.0,0.7213565511114753
2.25,0.05,0.7213993250210513
2.25,0.1,0.7215275829000686
2.25,0.15,0.7217411364258648
2.25,0.2,0.7220396823697356
2.25,0.25,0.7224228172594314
2.25,0.3,0.7228900517375798
2.25,0.35,0.7234408110350142
2.25,0.4,0.7240744045230227
2.25,0.45,0.7247899780992769
2.25,0.5,0.7255865464594407
2.25,0.55,0.7264633024102772
2.25,0.6,0.7274213335091327
2.25,0.65,0.7284941800328874
2.25,0.7,0.7296872854157755
2.25,0.75,0.7309803867449397
2.25,0.8,0.7323670309696472
2.25,0.85,0.7338397260575189
2.25,0.9,0.7354043563621486
2.25,0.95,0.7370687246440678
2.25,1.0,0.7388131827981502
2.25,1.05,0.7406182585728789
2.25,1.1,0.7424773793512223
2.25,1.15,0.744388714517076
2.25,1.2,0.7463535717593356
2.25,1.25,0.7483773621748295
2.25,1.3,0.7504729057706474
2.25,1.35,0.7526785055976501
2.25,1.4,0.7549451522129107
2.25,1.45,0.7572446695179835
2.25,1.5,0.7595620758965395
2.25,1.55,0.7618883674702027
2.25,1.6,0.7642176665017879
2.25,1.65,0.766545949985907
2.25,1.7,0.7688703857346011
2.25,1.75,0.7711889775957211
2.25,1.8,0.7735003784261404
2.25,1.85,0.7758037935374519
2.25,1.9,0.7780989287611947
2.25,1.95,0.7803859617335445
2.25,2.0,0.7826655501521153
2.25,2.05,0.7849388952209
2.25,2.1,0.7872078020493743
2.25,2.15,0.7894756290928395
2.25,2.2,0.7917536746144153
2.25,2.25,0.7940416005518672
2.25,2.3,0.7963133594553724
2.25,2.35,0.7985649473505735
2.25,2.4,0.8007938407598739
2.25,2.45,0.8029970357934518
2.25,2.5,0.8051721683317438
2.3,0.0,0.7283578455311571
2.3,0.05,0.7283982563299061
2.3,0.1,0.7285194230809279
2.3,0.15,0.7287211504081831
2.3,0.2,0.7290031175402643
2.3,0.25,0.7293648841483898
2.3,0.3,0.7298058951170993
2.3,0.35,0.7303254815261719
2.3,0.4,0.7309228614083956
2.3,0.45,0.731597165808993
2.3,0.5,0.7323475672137741
2.3,0.55,0.7331737732951435
2.3,0.6,0.7340788684844336
2.3,0.65,0.7350854231652075
2.3,0.7,0.7361955967530834
2.3,0.75,0.737393554070667
2.3,0.8,0.7386798923735703
2.3,0.85,0.7400514520675312
2.3,0.9,0.7415017010806958
2.3,0.95,0.7430481888688477
2.3,1.0,0.7446801384125104
2.3,1.05,0.7463697522322033
2.3,1.1,0.7481116887250361
2.3,1.15,0.7499029175560852
2.3,1.2,0.7517432640294038
2.3,1.25,0.753635506306015
2.3,1.3,0.7555865633113433
2.3,1.35,0.757616329770676
2.3,1.4,0.7597374635899676
2.3,1.45,0.761901805643894
2.3,1.5,0.7640899259618252
2.3,1.55,0.7662910590682325
2.3,1.6,0.7684984817356798
2.3,1.65,0.7707076669330365
2.3,1.7,0.7729154265449518
2.3,1.75,0.7751194897725207
2.3,1.8,0.7773182757223172
2.3,1.85,0.7795107569906914
2.3,1.9,0.7816963705000333
2.3,1.95,0.7838749579112336
2.3,2.0,0.7860467332233672
2.3,2.05,0.7882122834648991
2.3,2.1,0.7903726614363058
2.3,2.15,0.7925298173635866
2.3,2.2,0.7946876302093027
2.3,2.25,0.7968509418326511
2.3,2.3,0.799011891207008
2.3,2.35,0.801167202305087
2.3,2.4,0.8033082747483006
2.3,2.45,0.805429537506083
2.3,2.5,0.8075274455561994
2.35,0.0,0.7350154491674434
2.35,0.05,0.735053659582218
2.35,0.1,0.7351682269724291
2.35,0.15,0.735358960980897
2.35,0.2,0.7356255483344579
2.35,0.25,0.735967558873746
2.35,0.3,0.7363844549177585
2.35,0.35,0.7368756080908034
2.35,0.4,0.7374403372219447
2.35,0.45,0.7380780053751383
2.35,0.5,0.7387882793542201
2.35,0.55,0.7395718437966277
2.35,0.6,0.7404321027804173
2.35,0.65,0.7413752542090829
2.35,0.7,0.7424015118512095
2.35,0.75,0.7435083147689209
2.35,0.8,0.7447053124697606
2.35,0.85,0.7459916756887438
2.35,0.9,0.7473521184315942
2.35,0.95,0.7487908187661536
2.35,1.0,0.7503084252019155
2.35,1.05,0.7518906603834061
2.35,1.1,0.7535250289350302
2.35,1.15,0.7552063620123192
2.35,1.2,0.7569333539691968
2.35,1.25,0.7587068874602084
2.35,1.3,0.7605302112521758
2.35,1.35,0.7624111123640012
2.35,1.4,0.7643834558837929
2.35,1.45,0.7664176907787129
2.35,1.5,0.7684827547031107
2.35,1.55,0.7705652267860588
2.35,1.6,0.7726574267363966
2.35,1.65,0.7747542433174731
2.35,1.7,0.7768520602436374
2.35,1.75,0.7789482876813968
2.35,1.8,0.7810410955886401
2.35,1.85,0.7831292365546241
2.35,1.9,0.7852119206822132
2.35,1.95,0.7872887262751174
2.35,2.0,0.7893595399056915
2.35,2.05,0.7914245277617313
2.35,2.1,0.7934841522037631
2.35,2.15,0.7955392087096042
2.35,2.2,0.7975904843820467
2.35,2.25,0.7996365482681898
2.35,2.3,0.8016827613349099
2.35,2.35,0.8037410141441448
2.35,2.4,0.8057947523238043
2.35,2.45,0.8078348083667424
2.35,2.5,0.809856401563051
2.4,0.0,0.7413543920475916
2.4,0.05,0.7413905536097353
2.4,0.1,0.7414989787201836
2.4,0.15,0.7416794900965237
2.4,0.2,0.7419317973305144
2.4,0.25,0.7422555055571778
2.4,0.3,0.7426501306829342
2.4,0.35,0.7431151270215344
2.4,0.4,0.743649940248061
2.4,0.45,0.7442541118119564
2.4,0.5,0.7449274791418872
2.4,0.55,0.745670497653934
2.4,0.6,0.7464844215801544
2.4,0.65,0.7473702874190207
2.4,0.7,0.7483267031299393
2.4,0.75,0.7493501418515908
2.4,0.8,0.7504652050042979
2.4,0.85,0.7516809991122362
2.4,0.9,0.7529557306449854
2.4,0.95,0.7542920622309448
2.4,1.0,0.7557070381334993
2.4,1.05,0.7571934361464544
2.4,1.1,0.7587285989841182
2.4,1.15,0.7603087619388333
2.4,1.2,0.7619321058089644
2.4,1.25,0.7635982680569434
2.4,1.3,0.7653087789634263
2.4,1.35,0.7670684081079889
2.4,1.4,0.7688917304748941
2.4,1.45,0.7707991650153329
2.4,1.5,0.7727459472763347
2.4,1.55,0.7747153089389901
2.4,1.6,0.7766982517875789
2.4,1.65,0.7786888218520005
2.4,1.7,0.7806828226609779
2.4,1.75,0.7826772822230028
2.4,1.8,0.784670105988022
2.4,1.85,0.7866598386797539
2.4,1.9,0.788645494864596
2.4,1.95,0.7906264368769356
2.4,2.0,0.7926022872387765
2.4,2.05,0.7945728641540566
2.4,2.1,0.7965381181247643
2.4,2.15,0.7984980029522829
2.4,2.2,0.8004521731938332
2.4,2.25,0.8024000423438811
2.4,2.3,0.8043437142201828
2.4,2.35,0.8062927423511222
2.4,2.4,0.808256723142409
2.4,2.45,0.8102148204144372
2.4,2.5,0.8121602393027723
2.45,0.0,0.7473971487391062
2.45,0.05,0.7474313984433063
2.45,0.1,0.7475340931864244
2.45,0.15,0.7477050715685027
2.45,0.2,0.7479440705891762
2.45,0.25,0.7482507358958295
2.45,0.3,0.7486246391514605
2.45,0.35,0.7490653067410287
2.45,0.4,0.7495722665785312
2.45,0.45,0.7501451209483675
2.45,0.5,0.7507836441828805
2.45,0.55,0.7514878586790747
2.45,0.6,0.7522579384625638
2.45,0.65,0.753093800318022
2.45,0.7,0.7539949142811233
2.45,0.75,0.7549627049396671
2.45,0.8,0.7560108256333768
2.45,0.85,0.7571399555397472
2.45,0.9,0.7583306535850182
2.45,0.95,0.7595798831962318
2.45,1.0,0.7609013251369792
2.45,1.05,0.7622915465318496
2.45,1.1,0.7637327910775734
2.45,1.15,0.7652194169509454
2.45,1.2,0.766747754333519
2.45,1.25,0.7683161871650097
2.45,1.3,0.7699251202589301
2.45,1.35,0.7715772679127116
2.45,1.4,0.7732789054131902
2.45,1.45,0.7750529596744316
2.45,1.5,0.776884531073576
2.45,1.55,0.7787454578875954
2.45,1.6,0.7806246505562865
2.45,1.65,0.782514631018681
2.45,1.7,0.7844104381123956
2.45,1.75,0.7863086680168282
2.45,1.8,0.7882069606560104
2.45,1.85,0.7901036739522633
2.45,1.9,0.7919976598947706
2.45,1.95,0.7938881072782362
2.45,2.0,0.7957744306919112
2.45,2.05,0.7976561872980331
2.45,2.1,0.799533000898926
2.45,2.15,0.8014044800831693
2.45,2.2,0.8032701989290171
2.45,2.25,0.8051300612941434
2.45,2.3,0.8069853203707082
2.45,2.35,0.808839464955163
2.45,2.4,0.8107013360014447
2.45,2.45,0.8125721068604157
2.45,2.5,0.8144405508974688
2.5,0.0,0.7531640096572051
2.5,0.05,0.753196469755265
2.5,0.1,0.7532938005841205
2.5,0.15,0.7534558555880154
2.5,0.2,0.7536823966093692
2.5,0.25,0.7539731039954277
2.5,0.3,0.754327592749209
2.5,0.35,0.7547454368050954
2.5,0.4,0.7552262034875041
2.5,0.45,0.7557694977716035
2.5,0.5,0.7563750077014562
2.5,0.55,0.757042527185393
2.5,0.6,0.7577719329604916
2.5,0.65,0.7585631900699363
2.5,0.7,0.7594167312700641
2.5,0.75,0.7603346522567006
2.5,0.8,0.7613206425771585
2.5,0.85,0.7623735461510218
2.5,0.9,0.7634873538085725
2.5,0.95,0.7646599780075399
2.5,1.0,0.7658945464268808
2.5,1.05,0.7671918674856688
2.5,1.1,0.7685460758782968
2.5,1.15,0.7699471389516301
2.5,1.2,0.771388345199301
2.5,1.25,0.7728671900285856
2.5,1.3,0.774383448156251
2.5,1.35,0.7759386195008648
2.5,1.4,0.7775367528476231
2.5,1.45,0.7791871457914793
2.5,1.5,0.7809017869654272
2.5,1.55,0.7826596185017131
2.5,1.6,0.7844403497221293
2.5,1.65,0.7862350035093869
2.5,1.7,0.7880377844967631
2.5,1.75,0.7898448466497918
2.5,1.8,0.7916535838032159
2.5,1.85,0.7934622007598015
2.5,1.9,0.7952694251485908
2.5,1.95,0.7970743140630666
2.5,2.0,0.7988761278738143
2.5,2.05,0.8006742476594151
2.5,2.1,0.8024681205974934
2.5,2.15,0.804257239286114
2.5,2.2,0.8060412071661739
2.5,2.25,0.8078199760500937
2.5,2.3,0.8095942116490137
2.5,2.35,0.8113654906452907
2.5,2.4,0.8131358223724772
2.5,2.45,0.8149118836618788
2.5,2.5,0.81669986981325
